#
# A fatal error has been detected by the Java Runtime Environment:
#
#  SIGSEGV (0xb) at pc=0x000000010d6d78b8, pid=41929, tid=43791
#
# JRE version: OpenJDK Runtime Environment Temurin-21.0.5+11 (21.0.5+11) (build 21.0.5+11-LTS)
# Java VM: OpenJDK 64-Bit Server VM Temurin-21.0.5+11 (21.0.5+11-LTS, mixed mode, emulated-client, sharing, tiered, compressed oops, compressed class ptrs, g1 gc, bsd-aarch64)
# Problematic frame:
# v  ~BufferBlob::MethodHandles adapters 0x000000010d6d78b8
#
# No core dump will be written. Core dumps have been disabled. To enable core dumping, try "ulimit -c unlimited" before starting Java again
#
# If you would like to submit a bug report, please visit:
#   https://github.com/adoptium/adoptium-support/issues
#

---------------  S U M M A R Y ------------

Command Line: -XX:+ShowCodeDetailsInExceptionMessages -agentlib:jdwp=transport=dt_socket,suspend=y,address=localhost:58959 -Dcom.sun.management.jmxremote -Dcom.sun.management.jmxremote.port=58958 -Dcom.sun.management.jmxremote.authenticate=false -Dcom.sun.management.jmxremote.ssl=false -Djava.rmi.server.hostname=localhost -Dspring.jmx.enabled=true -Dmanagement.endpoints.jmx.exposure.include=* -Dspring.application.admin.enabled=true -Djava.security.egd=file:/dev/./urandom -XX:TieredStopAtLevel=1 -Dspring.boot.project.name=NumJudgApp -javaagent:/Applications/Eclipse_2024-12.app/Contents/Eclipse/configuration/org.eclipse.osgi/248/0/.cp/lib/javaagent-shaded.jar -Dfile.encoding=UTF-8 -Dstdout.encoding=UTF-8 -Dstderr.encoding=UTF-8 com.example.DemoApplication --spring.output.ansi.enabled=always

Host: "Mac15,12" arm64, 8 cores, 16G, Darwin 24.6.0, macOS 15.6.1 (24G90)
Time: Mon Feb  2 16:19:38 2026 JST elapsed time: 250.263451 seconds (0d 0h 4m 10s)

---------------  T H R E A D  ---------------

Current thread (0x000000011bcb0c00):  JavaThread "restartedMain"        [_thread_in_Java, id=43791, stack(0x000000016fdb0000,0x000000016ffb3000) (2060K)]

Stack: [0x000000016fdb0000,0x000000016ffb3000],  sp=0x000000016ffae270,  free space=2040k
Native frames: (J=compiled Java code, j=interpreted, Vv=VM code, C=native code)
v  ~BufferBlob::MethodHandles adapters 0x000000010d6d78b8
J 4836 c1 jdk.internal.reflect.DirectConstructorHandleAccessor.newInstance([Ljava/lang/Object;)Ljava/lang/Object; java.base@21.0.5 (130 bytes) @ 0x0000000702bc3c38 [0x000000010e093200+0x00000005f4b30a38]

[error occurred during error reporting (printing native stack (with source info)), id 0xb, SIGSEGV (0xb) at pc=0x00000001041ef514]

Retrying call stack printing without source information...
Native frames: (J=compiled Java code, j=interpreted, Vv=VM code, C=native code)
v  ~BufferBlob::MethodHandles adapters 0x000000010d6d78b8
J 4836 c1 jdk.internal.reflect.DirectConstructorHandleAccessor.newInstance([Ljava/lang/Object;)Ljava/lang/Object; java.base@21.0.5 (130 bytes) @ 0x0000000702bc3c38 [0x000000010e093200+0x00000005f4b30a38]

[error occurred during error reporting (retry printing native stack (no source info)), id 0xb, SIGSEGV (0xb) at pc=0x00000001041ef514]

siginfo: si_signo: 11 (SIGSEGV), si_code: 2 (SEGV_ACCERR), si_addr: 0xe057879400000051

Registers:
 x0=0x2010002030100000  x1=0x0000000fffffc118  x2=0x000000016ffae2a0  x3=0x0000000000000002
 x4=0x0000000000000034  x5=0x00000000000000a0  x6=0x0000000000000000  x7=0x0000000000000000
 x8=0x0000000000000000  x9=0x0000000000000009 x10=0x0000000000000003 x11=0x0000000000000004
x12=0xe057879400000001 x13=0x00000000000007fd x14=0x00000000ae670870 x15=0x00000000ae47006a
x16=0x0000000194ef09d4 x17=0x0000600002c5d170 x18=0x0000000000000000 x19=0x000000016ffae270
x20=0x000000016ffae2a0 x21=0x0000000104c39c60 x22=0x000000700072d6c7 x23=0x000000010d6b9380
x24=0x000000016ffae310 x25=0x000000016ffb2d70 x26=0x00000070000b1988 x27=0x0000000000000000
x28=0x000000011bcb0c00  fp=0x000000016ffae2f0  lr=0x000000010d6b56f0  sp=0x000000016ffae270
pc=0x000000010d6d78b8 cpsr=0x0000000060001000

Register to memory mapping:

x0 =0x2010002030100000 is an unknown value
x1 =0x0000000fffffc118 points into unknown readable memory: 0x2010002030100000 | 00 00 10 30 20 00 10 20
x2 =0x000000016ffae2a0 is pointing into the stack for thread: 0x000000011bcb0c00
x3 =0x0000000000000002 is an unknown value
x4 =0x0000000000000034 is an unknown value
x5 =0x00000000000000a0 is an unknown value
x6 =0x0 is null
x7 =0x0 is null
x8 =0x0 is null
x9 =0x0000000000000009 is an unknown value
x10=0x0000000000000003 is an unknown value
x11=0x0000000000000004 is an unknown value
x12=0xe057879400000001 is an unknown value
x13=0x00000000000007fd is an unknown value
x14=0x00000000ae670870 is an unknown value
x15=0x00000000ae47006a is an unknown value
x16=0x0000000194ef09d4: pthread_jit_write_protect_np+0 in /usr/lib/system/libsystem_pthread.dylib at 0x0000000194ee9000
x17=0x0000600002c5d170 points into unknown readable memory: 0x00000000ffffffff | ff ff ff ff 00 00 00 00
x18=0x0 is null
x19=0x000000016ffae270 is pointing into the stack for thread: 0x000000011bcb0c00
x20=0x000000016ffae2a0 is pointing into the stack for thread: 0x000000011bcb0c00
x21=0x0000000104c39c60: _ZN19TemplateInterpreter13_active_tableE+0 in /Applications/Eclipse_2024-12.app/Contents/java/21/lib/server/libjvm.dylib at 0x0000000103efc000
x22=0x000000700072d6c7 is pointing into metadata
x23=0x000000010d6b9380 is at code_begin+0 in an Interpreter codelet
method entry point (kind = zerolocals)  [0x000000010d6b9380, 0x000000010d6b9768]  1000 bytes
x24=0x000000016ffae310 is pointing into the stack for thread: 0x000000011bcb0c00
x25=0x000000016ffb2d70 is pointing into the stack for thread: 0x000000011bcb0c00
x26=0x00000070000b1988 is pointing into metadata
x27=0x0 is null
x28=0x000000011bcb0c00 is a thread
 fp=0x000000016ffae2f0 is pointing into the stack for thread: 0x000000011bcb0c00
 lr=0x000000010d6b56f0 is at code_begin+2992 in an Interpreter codelet
return entry points  [0x000000010d6b4b40, 0x000000010d6b5fe0]  5280 bytes
 sp=0x000000016ffae270 is pointing into the stack for thread: 0x000000011bcb0c00

Top of Stack: (sp=0x000000016ffae270)
0x000000016ffae270:   000000016ffae2f0 000000010d6ccdc0
0x000000016ffae280:   00000001195d02f8 0000000000000000
0x000000016ffae290:   000000011bcb0c00 0000000702bc3c50
0x000000016ffae2a0:   000000016ffae2a0 000000700072d6c7
0x000000016ffae2b0:   0000000000000004 00000070000b1988
0x000000016ffae2c0:   0000000700619d68 000000016ffae270
0x000000016ffae2d0:   0000000000000000 00000070000b64d0
0x000000016ffae2e0:   000000016ffae298 000000016ffae320
0x000000016ffae2f0:   000000016ffaf590 000000010e093f18
0x000000016ffae300:   0000000702bc3ba8 0000000702bc3c50
0x000000016ffae310:   0000000702bc3c08 000000010e093f18
0x000000016ffae320:   000000070015f588 0000000702bc3bd8
0x000000016ffae330:   0000000000000000 0000000000000000
0x000000016ffae340:   000000070490d010 0000000100000001
0x000000016ffae350:   000000070490d010 00000007009428e8
0x000000016ffae360:   0000000702bc3968 000000be00000001
0x000000016ffae370:   000000016ffaf590 000000010df81db8
0x000000016ffae380:   000000070000003e 0000000000000000
0x000000016ffae390:   0000000702bc3800 0000000000000000
0x000000016ffae3a0:   000060000202bec8 00000000000000d8
0x000000016ffae3b0:   000060000202be00 0000000000000001
0x000000016ffae3c0:   0000000702bc3890 0000000702bc3c38
0x000000016ffae3d0:   0000000702bc39c0 000000070016c508
0x000000016ffae3e0:   0000000700000000 0000000702bc3830
0x000000016ffae3f0:   0000000702bc3830 0000000702bc3968
0x000000016ffae400:   0000000702bc3968 000000070490d010
0x000000016ffae410:   000000070490d010 0000000700000001
0x000000016ffae420:   000000016ffaf590 000000010df82480
0x000000016ffae430:   0000000702bc3c08 000000010dd16454
0x000000016ffae440:   000000016ffaf590 000000010da3a578
0x000000016ffae450:   0000000104bf5b74 0000000000000bad
0x000000016ffae460:   0000000104bf5888 000000011bcb0f54 

Instructions: (pc=0x000000010d6d78b8)
0x000000010d6d77b8:   1f 20 03 d5 1f 20 03 d5 83 05 40 f9 63 5c 40 79
0x000000010d6d77c8:   88 6e 23 8b 02 81 5f f8 8c 86 40 f8 4a 08 40 b9
0x000000010d6d77d8:   4a 09 5c d2 8b 09 40 f9 4c 6d 2b 8b 8c e1 40 f9
0x000000010d6d77e8:   ec 00 00 b4 88 bb 45 b9 68 00 00 34 88 1d 40 f9
0x000000010d6d77f8:   00 01 1f d6 88 29 40 f9 00 01 1f d6 3f 68 00 14
0x000000010d6d7808:   1f 20 03 d5 1f 20 03 d5 1f 20 03 d5 1f 20 03 d5
0x000000010d6d7818:   1f 20 03 d5 1f 20 03 d5 1f 20 03 d5 1f 20 03 d5
0x000000010d6d7828:   1f 20 03 d5 1f 20 03 d5 1f 20 03 d5 1f 20 03 d5
0x000000010d6d7838:   1f 20 03 d5 1f 20 03 d5 8c 86 40 f8 8c 25 40 b9
0x000000010d6d7848:   8c f1 7d d3 8c 09 40 f9 ec 00 00 b4 88 bb 45 b9
0x000000010d6d7858:   68 00 00 34 88 1d 40 f9 00 01 1f d6 88 29 40 f9
0x000000010d6d7868:   00 01 1f d6 25 68 00 14 1f 20 03 d5 1f 20 03 d5
0x000000010d6d7878:   1f 20 03 d5 1f 20 03 d5 83 05 40 f9 63 5c 40 79
0x000000010d6d7888:   88 6e 23 8b 02 81 5f f8 8c 86 40 f8 5f 00 40 f9
0x000000010d6d7898:   8c 25 40 b9 8c f1 7d d3 8c 09 40 f9 ec 00 00 b4
0x000000010d6d78a8:   88 bb 45 b9 68 00 00 34 88 1d 40 f9 00 01 1f d6
0x000000010d6d78b8:   88 29 40 f9 00 01 1f d6 10 68 00 14 1f 20 03 d5
0x000000010d6d78c8:   1f 20 03 d5 1f 20 03 d5 1f 20 03 d5 1f 20 03 d5
0x000000010d6d78d8:   1f 20 03 d5 1f 20 03 d5 1f 20 03 d5 1f 20 03 d5
0x000000010d6d78e8:   1f 20 03 d5 1f 20 03 d5 1f 20 03 d5 1f 20 03 d5
0x000000010d6d78f8:   1f 20 03 d5 1f 20 03 d5 83 05 40 f9 63 5c 40 79
0x000000010d6d7908:   88 6e 23 8b 02 81 5f f8 8c 86 40 f8 4a 08 40 b9
0x000000010d6d7918:   4a 09 5c d2 8e 19 40 b9 ce f1 7d d3 ce 09 40 f9
0x000000010d6d7928:   8c 09 40 f9 4b a1 40 b9 4b 6d 2b 8b 6b 01 07 91
0x000000010d6d7938:   4a 6d 2c 8b 6c 01 40 f9 df 01 0c eb a0 00 00 54
0x000000010d6d7948:   cc 01 00 b4 6c 0d 41 f8 df 01 0c eb a1 ff ff 54
0x000000010d6d7958:   6b 09 40 b9 4c 49 6b f8 ec 00 00 b4 88 bb 45 b9
0x000000010d6d7968:   68 00 00 34 88 1d 40 f9 00 01 1f d6 88 29 40 f9
0x000000010d6d7978:   00 01 1f d6 e1 67 00 14 00 20 00 14 00 00 40 d4
0x000000010d6d7988:   00 00 00 00 00 00 00 00 00 00 00 00 00 00 00 00
0x000000010d6d7998:   00 00 00 00 00 00 00 00 00 00 00 00 00 00 00 00
0x000000010d6d79a8:   00 00 00 00 00 00 00 00 00 00 00 00 00 00 00 00 


Stack slot to memory mapping:

stack at sp + 0 slots: 0x000000016ffae2f0 is pointing into the stack for thread: 0x000000011bcb0c00
stack at sp + 1 slots: 0x000000010d6ccdc0 is at code_begin+0 in an Interpreter codelet
deoptimization entry points  [0x000000010d6ccdc0, 0x000000010d6cf618]  10328 bytes
stack at sp + 2 slots: 0x00000001195d02f8 is pointing into metadata
stack at sp + 3 slots: 0x0 is null
stack at sp + 4 slots: 0x000000011bcb0c00 is a thread
stack at sp + 5 slots: 0x0000000702bc3c50 is an oop: com.example.service.impl.FriendlyJudgServiceImpl 
{0x0000000702bc3c50} - klass: 'com/example/service/impl/FriendlyJudgServiceImpl'
 - ---- fields (total size 2 words):
stack at sp + 6 slots: 0x000000016ffae2a0 is pointing into the stack for thread: 0x000000011bcb0c00
stack at sp + 7 slots: 0x000000700072d6c7 is pointing into metadata

MethodHandle::interpreter_entry::_linkToSpecial [0x000000010d6d7870, 0x000000010d6d78c4] (84 bytes)
[MachCode]
  0x000000010d6d7870: 1f20 03d5 | 1f20 03d5 | 1f20 03d5 | 1f20 03d5 | 8305 40f9 | 635c 4079 | 886e 238b | 0281 5ff8 
  0x000000010d6d7890: 8c86 40f8 | 5f00 40f9 | 8c25 40b9 | 8cf1 7dd3 | 8c09 40f9 | ec00 00b4 | 88bb 45b9 | 6800 0034 
  0x000000010d6d78b0: 881d 40f9 | 0001 1fd6 | 8829 40f9 | 0001 1fd6 | 1068 0014 
[/MachCode]

---------------  P R O C E S S  ---------------

Threads class SMR info:
_java_thread_list=0x0000600001f14060, length=24, elements={
0x000000014a0ca400, 0x000000014a0cac00, 0x000000014a0c3000, 0x000000014a0c3800,
0x000000014a0c4000, 0x000000014a0c4800, 0x000000014b00b000, 0x000000014a843a00,
0x000000014a844200, 0x000000014a844a00, 0x000000014a842200, 0x000000014b0fb400,
0x000000014b13bc00, 0x000000014b0f9c00, 0x000000014a85be00, 0x000000011ba69e00,
0x000000014a51c800, 0x000000014a849800, 0x000000013a031c00, 0x000000011bcb0c00,
0x000000014a423000, 0x000000014a584400, 0x000000014a0cb400, 0x000000014a103800
}

Java Threads: ( => current thread )
  0x000000014a0ca400 JavaThread "Reference Handler"          daemon [_thread_blocked, id=24323, stack(0x000000016e520000,0x000000016e723000) (2060K)]
  0x000000014a0cac00 JavaThread "Finalizer"                  daemon [_thread_blocked, id=29443, stack(0x000000016e72c000,0x000000016e92f000) (2060K)]
  0x000000014a0c3000 JavaThread "Signal Dispatcher"          daemon [_thread_blocked, id=29187, stack(0x000000016e938000,0x000000016eb3b000) (2060K)]
  0x000000014a0c3800 JavaThread "Service Thread"             daemon [_thread_blocked, id=25347, stack(0x000000016eb44000,0x000000016ed47000) (2060K)]
  0x000000014a0c4000 JavaThread "Monitor Deflation Thread"   daemon [_thread_blocked, id=25603, stack(0x000000016ed50000,0x000000016ef53000) (2060K)]
  0x000000014a0c4800 JavaThread "C1 CompilerThread0"         daemon [_thread_blocked, id=28419, stack(0x000000016ef5c000,0x000000016f15f000) (2060K)]
  0x000000014b00b000 JavaThread "Common-Cleaner"             daemon [_thread_blocked, id=28163, stack(0x000000016f168000,0x000000016f36b000) (2060K)]
  0x000000014a843a00 JavaThread "JDWP Transport Listener: dt_socket" daemon [_thread_blocked, id=27651, stack(0x000000016f580000,0x000000016f783000) (2060K)]
  0x000000014a844200 JavaThread "JDWP Event Helper Thread"   daemon [_thread_blocked, id=26883, stack(0x000000016f78c000,0x000000016f98f000) (2060K)]
  0x000000014a844a00 JavaThread "JDWP Command Reader"        daemon [_thread_in_native, id=27395, stack(0x000000016f998000,0x000000016fb9b000) (2060K)]
  0x000000014a842200 JavaThread "Notification Thread"        daemon [_thread_blocked, id=33027, stack(0x000000016fba4000,0x000000016fda7000) (2060K)]
  0x000000014b0fb400 JavaThread "RMI TCP Accept-0"           daemon [_thread_in_native, id=43011, stack(0x000000016ffbc000,0x00000001701bf000) (2060K)]
  0x000000014b13bc00 JavaThread "RMI TCP Accept-58958"       daemon [_thread_in_native, id=34051, stack(0x00000001701c8000,0x00000001703cb000) (2060K)]
  0x000000014b0f9c00 JavaThread "RMI TCP Accept-0"           daemon [_thread_in_native, id=41731, stack(0x000000017101c000,0x000000017121f000) (2060K)]
  0x000000014a85be00 JavaThread "RMI Scheduler(0)"           daemon [_thread_blocked, id=37891, stack(0x0000000171c64000,0x0000000171e67000) (2060K)]
  0x000000011ba69e00 JavaThread "RMI TCP Connection(15)-127.0.0.1" daemon [_thread_in_native, id=39939, stack(0x0000000171e70000,0x0000000172073000) (2060K)]
  0x000000014a51c800 JavaThread "JMX server connection timeout 42" daemon [_thread_blocked, id=39427, stack(0x000000017207c000,0x000000017227f000) (2060K)]
  0x000000014a849800 JavaThread "DestroyJavaVM"                     [_thread_blocked, id=4355, stack(0x000000016d31c000,0x000000016d51f000) (2060K)]
  0x000000013a031c00 JavaThread "Thread-5"                          [_thread_blocked, id=41487, stack(0x000000016f374000,0x000000016f577000) (2060K)]
=>0x000000011bcb0c00 JavaThread "restartedMain"                     [_thread_in_Java, id=43791, stack(0x000000016fdb0000,0x000000016ffb3000) (2060K)]
  0x000000014a423000 JavaThread "Catalina-utility-1"                [_thread_blocked, id=39191, stack(0x0000000171228000,0x000000017142b000) (2060K)]
  0x000000014a584400 JavaThread "Catalina-utility-2"                [_thread_blocked, id=43539, stack(0x0000000171434000,0x0000000171637000) (2060K)]
  0x000000014a0cb400 JavaThread "container-0"                       [_thread_blocked, id=64275, stack(0x000000017184c000,0x0000000171a4f000) (2060K)]
  0x000000014a103800 JavaThread "HikariPool-3:housekeeper"   daemon [_thread_blocked, id=44043, stack(0x0000000171a58000,0x0000000171c5b000) (2060K)]
Total: 24

Other Threads:
  0x0000000149e102b0 VMThread "VM Thread"                           [id=17923, stack(0x000000016e170000,0x000000016e373000) (2060K)]
  0x0000000149e0d7b0 WatcherThread "VM Periodic Task Thread"        [id=21251, stack(0x000000016df64000,0x000000016e167000) (2060K)]
  0x0000000149e086d0 WorkerThread "GC Thread#0"                     [id=12547, stack(0x000000016d528000,0x000000016d72b000) (2060K)]
  0x0000000149f3e9b0 WorkerThread "GC Thread#1"                     [id=34563, stack(0x00000001703d4000,0x00000001705d7000) (2060K)]
  0x0000000149f3ed50 WorkerThread "GC Thread#2"                     [id=34819, stack(0x00000001705e0000,0x00000001707e3000) (2060K)]
  0x0000000149f3f0f0 WorkerThread "GC Thread#3"                     [id=35075, stack(0x00000001707ec000,0x00000001709ef000) (2060K)]
  0x0000000149f3fa50 WorkerThread "GC Thread#4"                     [id=42243, stack(0x00000001709f8000,0x0000000170bfb000) (2060K)]
  0x0000000149f403b0 WorkerThread "GC Thread#5"                     [id=35843, stack(0x0000000170c04000,0x0000000170e07000) (2060K)]
  0x000000011b0113b0 WorkerThread "GC Thread#6"                     [id=36099, stack(0x0000000170e10000,0x0000000171013000) (2060K)]
  0x000000011b027700 WorkerThread "GC Thread#7"                     [id=40963, stack(0x0000000171640000,0x0000000171843000) (2060K)]
  0x0000000149e08e70 ConcurrentGCThread "G1 Main Marker"            [id=12803, stack(0x000000016d734000,0x000000016d937000) (2060K)]
  0x0000000149e097e0 WorkerThread "G1 Conc#0"                       [id=13827, stack(0x000000016d940000,0x000000016db43000) (2060K)]
  0x0000000149fd7bd0 WorkerThread "G1 Conc#1"                       [id=38659, stack(0x0000000172288000,0x000000017248b000) (2060K)]
  0x000000014a0ada00 ConcurrentGCThread "G1 Refine#0"               [id=13315, stack(0x000000016db4c000,0x000000016dd4f000) (2060K)]
  0x0000000149e0bd00 ConcurrentGCThread "G1 Service"                [id=16643, stack(0x000000016dd58000,0x000000016df5b000) (2060K)]
Total: 15

Threads with active compile tasks:
Total: 0

VM state: not at safepoint (normal execution)

VM Mutex/Monitor currently owned by a thread: None

Heap address: 0x0000000700000000, size: 4096 MB, Compressed Oops mode: Zero based, Oop shift amount: 3

CDS archive(s) mapped at: [0x0000007000000000-0x0000007000c90000-0x0000007000c90000), size 13172736, SharedBaseAddress: 0x0000007000000000, ArchiveRelocationMode: 1.
Compressed class space mapped at: 0x0000007001000000-0x0000007041000000, reserved size: 1073741824
Narrow klass base: 0x0000007000000000, Narrow klass shift: 0, Narrow klass range: 0x100000000

GC Precious Log:
 CardTable entry size: 512
 Card Set container configuration: InlinePtr #cards 4 size 8 Array Of Cards #cards 16 size 48 Howl #buckets 8 coarsen threshold 3686 Howl Bitmap #cards 512 size 80 coarsen threshold 460 Card regions per heap region 1 cards per card region 4096
 CPUs: 8 total, 8 available
 Memory: 16384M
 Large Page Support: Disabled
 NUMA Support: Disabled
 Compressed Oops: Enabled (Zero based)
 Heap Region Size: 2M
 Heap Min Capacity: 8M
 Heap Initial Capacity: 256M
 Heap Max Capacity: 4G
 Pre-touch: Disabled
 Parallel Workers: 8
 Concurrent Workers: 2
 Concurrent Refinement Workers: 8
 Periodic GC: Disabled

Heap:
 garbage-first heap   total 81920K, used 58887K [0x0000000700000000, 0x0000000800000000)
  region size 2048K, 20 young (40960K), 0 survivors (0K)
 Metaspace       used 49070K, committed 50112K, reserved 1114112K
  class space    used 6458K, committed 6848K, reserved 1048576K

Heap Regions: E=young(eden), S=young(survivor), O=old, HS=humongous(starts), HC=humongous(continues), CS=collection set, F=free, TAMS=top-at-mark-start, PB=parsable bottom
|   0|0x0000000700000000, 0x00000007001ffff0, 0x0000000700200000| 99%| O|  |TAMS 0x0000000700000000| PB 0x0000000700000000| Untracked 
|   1|0x0000000700200000, 0x0000000700400000, 0x0000000700400000|100%| O|  |TAMS 0x0000000700200000| PB 0x0000000700200000| Untracked 
|   2|0x0000000700400000, 0x00000007005ffff8, 0x0000000700600000| 99%| O|  |TAMS 0x0000000700400000| PB 0x0000000700400000| Untracked 
|   3|0x0000000700600000, 0x00000007007ffff8, 0x0000000700800000| 99%| O|  |TAMS 0x0000000700600000| PB 0x0000000700600000| Untracked 
|   4|0x0000000700800000, 0x00000007009ffff8, 0x0000000700a00000| 99%| O|  |TAMS 0x0000000700800000| PB 0x0000000700800000| Untracked 
|   5|0x0000000700a00000, 0x0000000700bffff0, 0x0000000700c00000| 99%| O|  |TAMS 0x0000000700a00000| PB 0x0000000700a00000| Untracked 
|   6|0x0000000700c00000, 0x0000000700dffff0, 0x0000000700e00000| 99%| O|  |TAMS 0x0000000700c00000| PB 0x0000000700c00000| Untracked 
|   7|0x0000000700e00000, 0x0000000700fffff8, 0x0000000701000000| 99%| O|  |TAMS 0x0000000700e00000| PB 0x0000000700e00000| Untracked 
|   8|0x0000000701000000, 0x0000000701101c10, 0x0000000701200000| 50%| O|  |TAMS 0x0000000701000000| PB 0x0000000701000000| Untracked 
|   9|0x0000000701200000, 0x00000007013ffa58, 0x0000000701400000| 99%| O|  |TAMS 0x0000000701200000| PB 0x0000000701200000| Untracked 
|  10|0x0000000701400000, 0x0000000701442a10, 0x0000000701600000| 13%| O|  |TAMS 0x0000000701400000| PB 0x0000000701400000| Untracked 
|  11|0x0000000701600000, 0x000000070163dc08, 0x0000000701800000| 12%| O|  |TAMS 0x0000000701600000| PB 0x0000000701600000| Untracked 
|  12|0x0000000701800000, 0x0000000701800000, 0x0000000701a00000|  0%| F|  |TAMS 0x0000000701800000| PB 0x0000000701800000| Untracked 
|  13|0x0000000701a00000, 0x0000000701a00000, 0x0000000701c00000|  0%| F|  |TAMS 0x0000000701a00000| PB 0x0000000701a00000| Untracked 
|  14|0x0000000701c00000, 0x0000000701c00000, 0x0000000701e00000|  0%| F|  |TAMS 0x0000000701c00000| PB 0x0000000701c00000| Untracked 
|  15|0x0000000701e00000, 0x0000000701e00000, 0x0000000702000000|  0%| F|  |TAMS 0x0000000701e00000| PB 0x0000000701e00000| Untracked 
|  16|0x0000000702000000, 0x0000000702000000, 0x0000000702200000|  0%| F|  |TAMS 0x0000000702000000| PB 0x0000000702000000| Untracked 
|  17|0x0000000702200000, 0x0000000702200000, 0x0000000702400000|  0%| F|  |TAMS 0x0000000702200000| PB 0x0000000702200000| Untracked 
|  18|0x0000000702400000, 0x0000000702400000, 0x0000000702600000|  0%| F|  |TAMS 0x0000000702400000| PB 0x0000000702400000| Untracked 
|  19|0x0000000702600000, 0x0000000702600000, 0x0000000702800000|  0%| F|  |TAMS 0x0000000702600000| PB 0x0000000702600000| Untracked 
|  20|0x0000000702800000, 0x00000007028995c0, 0x0000000702a00000| 29%| E|  |TAMS 0x0000000702800000| PB 0x0000000702800000| Complete 
|  21|0x0000000702a00000, 0x0000000702c00000, 0x0000000702c00000|100%| E|CS|TAMS 0x0000000702a00000| PB 0x0000000702a00000| Complete 
|  22|0x0000000702c00000, 0x0000000702e00000, 0x0000000702e00000|100%| E|CS|TAMS 0x0000000702c00000| PB 0x0000000702c00000| Complete 
|  23|0x0000000702e00000, 0x0000000703000000, 0x0000000703000000|100%| E|CS|TAMS 0x0000000702e00000| PB 0x0000000702e00000| Complete 
|  24|0x0000000703000000, 0x0000000703200000, 0x0000000703200000|100%| E|CS|TAMS 0x0000000703000000| PB 0x0000000703000000| Complete 
|  25|0x0000000703200000, 0x0000000703400000, 0x0000000703400000|100%| E|CS|TAMS 0x0000000703200000| PB 0x0000000703200000| Complete 
|  26|0x0000000703400000, 0x0000000703600000, 0x0000000703600000|100%| E|CS|TAMS 0x0000000703400000| PB 0x0000000703400000| Complete 
|  27|0x0000000703600000, 0x0000000703800000, 0x0000000703800000|100%| E|CS|TAMS 0x0000000703600000| PB 0x0000000703600000| Complete 
|  28|0x0000000703800000, 0x0000000703a00000, 0x0000000703a00000|100%| E|CS|TAMS 0x0000000703800000| PB 0x0000000703800000| Complete 
|  29|0x0000000703a00000, 0x0000000703c00000, 0x0000000703c00000|100%| E|CS|TAMS 0x0000000703a00000| PB 0x0000000703a00000| Complete 
|  30|0x0000000703c00000, 0x0000000703e00000, 0x0000000703e00000|100%| E|CS|TAMS 0x0000000703c00000| PB 0x0000000703c00000| Complete 
|  31|0x0000000703e00000, 0x0000000704000000, 0x0000000704000000|100%| E|CS|TAMS 0x0000000703e00000| PB 0x0000000703e00000| Complete 
|  32|0x0000000704000000, 0x0000000704200000, 0x0000000704200000|100%| E|CS|TAMS 0x0000000704000000| PB 0x0000000704000000| Complete 
|  33|0x0000000704200000, 0x0000000704400000, 0x0000000704400000|100%| E|CS|TAMS 0x0000000704200000| PB 0x0000000704200000| Complete 
|  34|0x0000000704400000, 0x0000000704600000, 0x0000000704600000|100%| E|CS|TAMS 0x0000000704400000| PB 0x0000000704400000| Complete 
|  35|0x0000000704600000, 0x0000000704800000, 0x0000000704800000|100%| E|CS|TAMS 0x0000000704600000| PB 0x0000000704600000| Complete 
|  36|0x0000000704800000, 0x0000000704a00000, 0x0000000704a00000|100%| E|CS|TAMS 0x0000000704800000| PB 0x0000000704800000| Complete 
|  37|0x0000000704a00000, 0x0000000704c00000, 0x0000000704c00000|100%| E|CS|TAMS 0x0000000704a00000| PB 0x0000000704a00000| Complete 
|  38|0x0000000704c00000, 0x0000000704e00000, 0x0000000704e00000|100%| E|CS|TAMS 0x0000000704c00000| PB 0x0000000704c00000| Complete 
|  64|0x0000000708000000, 0x0000000708200000, 0x0000000708200000|100%| E|CS|TAMS 0x0000000708000000| PB 0x0000000708000000| Complete 

Card table byte_map: [0x0000000103610000,0x0000000103e10000] _byte_map_base: 0x00000000ffe10000

Marking Bits: (CMBitMap*) 0x000000014a04d410
 Bits: [0x00000001106b0000, 0x00000001146b0000)

Polling page: 0x0000000102c04000

Metaspace:

Usage:
  Non-class:     41.61 MB used.
      Class:      6.31 MB used.
       Both:     47.92 MB used.

Virtual space:
  Non-class space:       64.00 MB reserved,      42.25 MB ( 66%) committed,  1 nodes.
      Class space:        1.00 GB reserved,       6.69 MB ( <1%) committed,  1 nodes.
             Both:        1.06 GB reserved,      48.94 MB (  4%) committed. 

Chunk freelists:
   Non-Class:  5.18 MB
       Class:  9.50 MB
        Both:  14.68 MB

MaxMetaspaceSize: unlimited
CompressedClassSpaceSize: 1.00 GB
Initial GC threshold: 21.00 MB
Current GC threshold: 81.50 MB
CDS: on
 - commit_granule_bytes: 65536.
 - commit_granule_words: 8192.
 - virtual_space_node_default_size: 8388608.
 - enlarge_chunks_in_place: 1.
 - use_allocation_guard: 0.


Internal statistics:

num_allocs_failed_limit: 6.
num_arena_births: 1056.
num_arena_deaths: 438.
num_vsnodes_births: 2.
num_vsnodes_deaths: 0.
num_space_committed: 783.
num_space_uncommitted: 0.
num_chunks_returned_to_freelist: 495.
num_chunks_taken_from_freelist: 2793.
num_chunk_merges: 123.
num_chunk_splits: 1871.
num_chunks_enlarged: 1354.
num_inconsistent_stats: 0.

CodeCache: size=49152Kb used=11303Kb max_used=11341Kb free=37848Kb
 bounds [0x000000010d6b0000, 0x000000010e1d0000, 0x00000001106b0000]
 total_blobs=6329 nmethods=5712 adapters=543
 compilation: enabled
              stopped_count=0, restarted_count=0
 full_count=0

Compilation events (20 events):
Event: 203.019 Thread 0x000000014a0c4800 6549       1       org.h2.engine.SessionLocal::getTransaction (87 bytes)
Event: 203.020 Thread 0x000000014a0c4800 nmethod 6549 0x000000010da4cd10 code [0x000000010da4d080, 0x000000010da4e070]
Event: 203.057 Thread 0x000000014a0c4800 6552       1       org.h2.command.Tokenizer::findIdentifierEnd (60 bytes)
Event: 203.057 Thread 0x000000014a0c4800 nmethod 6552 0x000000010da40690 code [0x000000010da40840, 0x000000010da40ab0]
Event: 203.057 Thread 0x000000014a0c4800 6551       1       org.h2.command.Token$KeywordToken::<init> (11 bytes)
Event: 203.057 Thread 0x000000014a0c4800 nmethod 6551 0x000000010dc0e690 code [0x000000010dc0e800, 0x000000010dc0e8d8]
Event: 203.057 Thread 0x000000014a0c4800 6553       1       org.h2.command.Tokenizer::readIdentifierOrKeyword (93 bytes)
Event: 203.058 Thread 0x000000014a0c4800 nmethod 6553 0x000000010dc95d90 code [0x000000010dc95fc0, 0x000000010dc965d8]
Event: 203.058 Thread 0x000000014a0c4800 6550       1       java.util.BitSet::initWords (15 bytes)
Event: 203.058 Thread 0x000000014a0c4800 nmethod 6550 0x000000010dcc1610 code [0x000000010dcc1780, 0x000000010dcc1950]
Event: 203.090 Thread 0x000000014a0c4800 6554       1       sun.security.provider.SHA2::resetHashes (19 bytes)
Event: 203.090 Thread 0x000000014a0c4800 nmethod 6554 0x000000010dcc5610 code [0x000000010dcc57c0, 0x000000010dcc5910]
Event: 203.090 Thread 0x000000014a0c4800 6555       1       sun.security.provider.SHA2::implDigest (98 bytes)
Event: 203.090 Thread 0x000000014a0c4800 nmethod 6555 0x000000010e1c3510 code [0x000000010e1c3740, 0x000000010e1c3c60]
Event: 203.090 Thread 0x000000014a0c4800 6556       1       java.util.Arrays::copyOf (33 bytes)
Event: 203.091 Thread 0x000000014a0c4800 nmethod 6556 0x000000010dc95810 code [0x000000010dc959c0, 0x000000010dc95c20]
Event: 203.125 Thread 0x000000014a0c4800 6557       1       java.util.BitSet::<init> (26 bytes)
Event: 203.126 Thread 0x000000014a0c4800 nmethod 6557 0x000000010dcce890 code [0x000000010dccea00, 0x000000010dccebd0]
Event: 203.126 Thread 0x000000014a0c4800 6558       1       org.h2.command.CommandContainer::isTransactional (8 bytes)
Event: 203.126 Thread 0x000000014a0c4800 nmethod 6558 0x000000010dbedb10 code [0x000000010dbedcc0, 0x000000010dbedde0]

GC Heap History (20 events):
Event: 0.656 GC heap before
{Heap before GC invocations=5 (full 0):
 garbage-first heap   total 55296K, used 39045K [0x0000000700000000, 0x0000000800000000)
  region size 2048K, 16 young (32768K), 3 survivors (6144K)
 Metaspace       used 25348K, committed 25792K, reserved 1114112K
  class space    used 3357K, committed 3520K, reserved 1048576K
}
Event: 0.658 GC heap after
{Heap after GC invocations=6 (full 0):
 garbage-first heap   total 55296K, used 13738K [0x0000000700000000, 0x0000000800000000)
  region size 2048K, 2 young (4096K), 2 survivors (4096K)
 Metaspace       used 25348K, committed 25792K, reserved 1114112K
  class space    used 3357K, committed 3520K, reserved 1048576K
}
Event: 0.721 GC heap before
{Heap before GC invocations=6 (full 0):
 garbage-first heap   total 55296K, used 42410K [0x0000000700000000, 0x0000000800000000)
  region size 2048K, 16 young (32768K), 2 survivors (4096K)
 Metaspace       used 26927K, committed 27456K, reserved 1114112K
  class space    used 3570K, committed 3840K, reserved 1048576K
}
Event: 0.722 GC heap after
{Heap after GC invocations=7 (full 0):
 garbage-first heap   total 159744K, used 15107K [0x0000000700000000, 0x0000000800000000)
  region size 2048K, 2 young (4096K), 2 survivors (4096K)
 Metaspace       used 26927K, committed 27456K, reserved 1114112K
  class space    used 3570K, committed 3840K, reserved 1048576K
}
Event: 0.967 GC heap before
{Heap before GC invocations=7 (full 0):
 garbage-first heap   total 159744K, used 105219K [0x0000000700000000, 0x0000000800000000)
  region size 2048K, 46 young (94208K), 2 survivors (4096K)
 Metaspace       used 33830K, committed 34368K, reserved 1114112K
  class space    used 4515K, committed 4736K, reserved 1048576K
}
Event: 0.969 GC heap after
{Heap after GC invocations=8 (full 0):
 garbage-first heap   total 159744K, used 19068K [0x0000000700000000, 0x0000000800000000)
  region size 2048K, 4 young (8192K), 4 survivors (8192K)
 Metaspace       used 33830K, committed 34368K, reserved 1114112K
  class space    used 4515K, committed 4736K, reserved 1048576K
}
Event: 1.023 GC heap before
{Heap before GC invocations=8 (full 0):
 garbage-first heap   total 159744K, used 37500K [0x0000000700000000, 0x0000000800000000)
  region size 2048K, 14 young (28672K), 4 survivors (8192K)
 Metaspace       used 35493K, committed 36096K, reserved 1114112K
  class space    used 4732K, committed 5056K, reserved 1048576K
}
Event: 1.025 GC heap after
{Heap after GC invocations=9 (full 0):
 garbage-first heap   total 159744K, used 19931K [0x0000000700000000, 0x0000000800000000)
  region size 2048K, 4 young (8192K), 4 survivors (8192K)
 Metaspace       used 35493K, committed 36096K, reserved 1114112K
  class space    used 4732K, committed 5056K, reserved 1048576K
}
Event: 1.099 GC heap before
{Heap before GC invocations=10 (full 0):
 garbage-first heap   total 75776K, used 56795K [0x0000000700000000, 0x0000000800000000)
  region size 2048K, 22 young (45056K), 4 survivors (8192K)
 Metaspace       used 39196K, committed 39808K, reserved 1114112K
  class space    used 5149K, committed 5440K, reserved 1048576K
}
Event: 1.100 GC heap after
{Heap after GC invocations=11 (full 0):
 garbage-first heap   total 75776K, used 21202K [0x0000000700000000, 0x0000000800000000)
  region size 2048K, 2 young (4096K), 2 survivors (4096K)
 Metaspace       used 39196K, committed 39808K, reserved 1114112K
  class space    used 5149K, committed 5440K, reserved 1048576K
}
Event: 1.222 GC heap before
{Heap before GC invocations=11 (full 0):
 garbage-first heap   total 75776K, used 62162K [0x0000000700000000, 0x0000000800000000)
  region size 2048K, 22 young (45056K), 2 survivors (4096K)
 Metaspace       used 44699K, committed 45376K, reserved 1114112K
  class space    used 5865K, committed 6144K, reserved 1048576K
}
Event: 1.224 GC heap after
{Heap after GC invocations=12 (full 0):
 garbage-first heap   total 75776K, used 22506K [0x0000000700000000, 0x0000000800000000)
  region size 2048K, 2 young (4096K), 2 survivors (4096K)
 Metaspace       used 44699K, committed 45376K, reserved 1114112K
  class space    used 5865K, committed 6144K, reserved 1048576K
}
Event: 1.326 GC heap before
{Heap before GC invocations=12 (full 0):
 garbage-first heap   total 75776K, used 63466K [0x0000000700000000, 0x0000000800000000)
  region size 2048K, 22 young (45056K), 2 survivors (4096K)
 Metaspace       used 47860K, committed 48512K, reserved 1114112K
  class space    used 6301K, committed 6592K, reserved 1048576K
}
Event: 1.328 GC heap after
{Heap after GC invocations=13 (full 0):
 garbage-first heap   total 92160K, used 24558K [0x0000000700000000, 0x0000000800000000)
  region size 2048K, 3 young (6144K), 3 survivors (6144K)
 Metaspace       used 47860K, committed 48512K, reserved 1114112K
  class space    used 6301K, committed 6592K, reserved 1048576K
}
Event: 126.163 GC heap before
{Heap before GC invocations=13 (full 0):
 garbage-first heap   total 92160K, used 51182K [0x0000000700000000, 0x0000000800000000)
  region size 2048K, 17 young (34816K), 3 survivors (6144K)
 Metaspace       used 49332K, committed 50048K, reserved 1114112K
  class space    used 6534K, committed 6848K, reserved 1048576K
}
Event: 126.183 GC heap after
{Heap after GC invocations=14 (full 1):
 garbage-first heap   total 81920K, used 20767K [0x0000000700000000, 0x0000000800000000)
  region size 2048K, 0 young (0K), 0 survivors (0K)
 Metaspace       used 49285K, committed 50048K, reserved 1114112K
  class space    used 6523K, committed 6848K, reserved 1048576K
}
Event: 126.420 GC heap before
{Heap before GC invocations=14 (full 1):
 garbage-first heap   total 81920K, used 67871K [0x0000000700000000, 0x0000000800000000)
  region size 2048K, 24 young (49152K), 0 survivors (0K)
 Metaspace       used 49371K, committed 50112K, reserved 1114112K
  class space    used 6540K, committed 6848K, reserved 1048576K
}
Event: 126.422 GC heap after
{Heap after GC invocations=15 (full 1):
 garbage-first heap   total 81920K, used 26070K [0x0000000700000000, 0x0000000800000000)
  region size 2048K, 3 young (6144K), 3 survivors (6144K)
 Metaspace       used 49371K, committed 50112K, reserved 1114112K
  class space    used 6540K, committed 6848K, reserved 1048576K
}
Event: 202.603 GC heap before
{Heap before GC invocations=15 (full 1):
 garbage-first heap   total 81920K, used 32214K [0x0000000700000000, 0x0000000800000000)
  region size 2048K, 7 young (14336K), 3 survivors (6144K)
 Metaspace       used 49379K, committed 50112K, reserved 1114112K
  class space    used 6542K, committed 6848K, reserved 1048576K
}
Event: 202.628 GC heap after
{Heap after GC invocations=16 (full 2):
 garbage-first heap   total 81920K, used 19975K [0x0000000700000000, 0x0000000800000000)
  region size 2048K, 0 young (0K), 0 survivors (0K)
 Metaspace       used 49007K, committed 50112K, reserved 1114112K
  class space    used 6445K, committed 6848K, reserved 1048576K
}

Dll operation events (11 events):
Event: 0.004 Loaded shared library /Applications/Eclipse_2024-12.app/Contents/java/21/lib/libjava.dylib
Event: 0.107 Loaded shared library /Applications/Eclipse_2024-12.app/Contents/java/21/lib/libzip.dylib
Event: 0.108 Loaded shared library /Applications/Eclipse_2024-12.app/Contents/java/21/lib/libinstrument.dylib
Event: 0.110 Loaded shared library /Applications/Eclipse_2024-12.app/Contents/java/21/lib/libnio.dylib
Event: 0.111 Loaded shared library /Applications/Eclipse_2024-12.app/Contents/java/21/lib/libzip.dylib
Event: 0.154 Loaded shared library /Applications/Eclipse_2024-12.app/Contents/java/21/lib/libjimage.dylib
Event: 0.170 Loaded shared library /Applications/Eclipse_2024-12.app/Contents/java/21/lib/libmanagement.dylib
Event: 0.173 Loaded shared library /Applications/Eclipse_2024-12.app/Contents/java/21/lib/libmanagement_ext.dylib
Event: 0.205 Loaded shared library /Applications/Eclipse_2024-12.app/Contents/java/21/lib/libnet.dylib
Event: 0.246 Loaded shared library /Applications/Eclipse_2024-12.app/Contents/java/21/lib/libextnet.dylib
Event: 0.257 Loaded shared library /Applications/Eclipse_2024-12.app/Contents/java/21/lib/libverify.dylib

Deoptimization events (20 events):
Event: 202.749 Thread 0x000000011bcb0c00 DEOPT PACKING pc=0x000000010de86b1c sp=0x000000016ffaa9a0
Event: 202.749 Thread 0x000000011bcb0c00 DEOPT UNPACKING pc=0x000000010d6f2e7c sp=0x000000016ffaa6e0 mode 1
Event: 202.749 Thread 0x000000011bcb0c00 DEOPT PACKING pc=0x000000010de89994 sp=0x000000016ffaaa90
Event: 202.749 Thread 0x000000011bcb0c00 DEOPT UNPACKING pc=0x000000010d6f2e7c sp=0x000000016ffaa850 mode 1
Event: 202.749 Thread 0x000000011bcb0c00 DEOPT PACKING pc=0x000000010de88214 sp=0x000000016ffaac10
Event: 202.749 Thread 0x000000011bcb0c00 DEOPT UNPACKING pc=0x000000010d6f2e7c sp=0x000000016ffaa9e0 mode 1
Event: 202.749 Thread 0x000000011bcb0c00 DEOPT PACKING pc=0x000000010de86b1c sp=0x000000016ffaa9a0
Event: 202.749 Thread 0x000000011bcb0c00 DEOPT UNPACKING pc=0x000000010d6f2e7c sp=0x000000016ffaa6e0 mode 1
Event: 202.749 Thread 0x000000011bcb0c00 DEOPT PACKING pc=0x000000010de89994 sp=0x000000016ffaaa90
Event: 202.749 Thread 0x000000011bcb0c00 DEOPT UNPACKING pc=0x000000010d6f2e7c sp=0x000000016ffaa850 mode 1
Event: 202.749 Thread 0x000000011bcb0c00 DEOPT PACKING pc=0x000000010de88214 sp=0x000000016ffaac10
Event: 202.749 Thread 0x000000011bcb0c00 DEOPT UNPACKING pc=0x000000010d6f2e7c sp=0x000000016ffaa9e0 mode 1
Event: 202.749 Thread 0x000000011bcb0c00 DEOPT PACKING pc=0x000000010de86b1c sp=0x000000016ffad7c0
Event: 202.749 Thread 0x000000011bcb0c00 DEOPT UNPACKING pc=0x000000010d6f2e7c sp=0x000000016ffad500 mode 1
Event: 202.749 Thread 0x000000011bcb0c00 DEOPT PACKING pc=0x000000010de89994 sp=0x000000016ffad8b0
Event: 202.749 Thread 0x000000011bcb0c00 DEOPT UNPACKING pc=0x000000010d6f2e7c sp=0x000000016ffad670 mode 1
Event: 202.749 Thread 0x000000011bcb0c00 DEOPT PACKING pc=0x000000010de88214 sp=0x000000016ffada30
Event: 202.749 Thread 0x000000011bcb0c00 DEOPT UNPACKING pc=0x000000010d6f2e7c sp=0x000000016ffad800 mode 1
Event: 227.185 Thread 0x000000011bcb0c00 DEOPT PACKING pc=0x000000010da48314 sp=0x000000016ffae2b0
Event: 227.185 Thread 0x000000011bcb0c00 DEOPT UNPACKING pc=0x000000010d6f2e7c sp=0x000000016ffadf80 mode 0

Classes loaded (20 events):
Event: 126.136 Loading class java/net/Proxy
Event: 126.136 Loading class java/net/Proxy done
Event: 126.136 Loading class java/net/Proxy$Type
Event: 126.136 Loading class java/net/Proxy$Type done
Event: 126.136 Loading class sun/net/spi/DefaultProxySelector$1
Event: 126.136 Loading class sun/net/spi/DefaultProxySelector$1 done
Event: 126.136 Loading class sun/net/NetProperties
Event: 126.136 Loading class sun/net/NetProperties done
Event: 126.136 Loading class sun/net/NetProperties$1
Event: 126.136 Loading class sun/net/NetProperties$1 done
Event: 126.137 Loading class sun/net/spi/DefaultProxySelector$NonProxyInfo
Event: 126.137 Loading class sun/net/spi/DefaultProxySelector$NonProxyInfo done
Event: 126.137 Loading class sun/net/spi/DefaultProxySelector$3
Event: 126.137 Loading class sun/net/spi/DefaultProxySelector$3 done
Event: 126.162 Loading class java/util/WeakHashMap$KeyIterator
Event: 126.162 Loading class java/util/WeakHashMap$KeyIterator done
Event: 126.183 Loading class java/lang/ref/Finalizer$2
Event: 126.183 Loading class java/lang/ref/Finalizer$2 done
Event: 126.183 Loading class java/lang/ref/Finalizer$1
Event: 126.183 Loading class java/lang/ref/Finalizer$1 done

Classes unloaded (20 events):
Event: 202.614 Thread 0x0000000149e102b0 Unloading class 0x00000070010c0800 'java/lang/invoke/LambdaForm$MH+0x00000070010c0800'
Event: 202.614 Thread 0x0000000149e102b0 Unloading class 0x00000070010c0400 'java/lang/invoke/LambdaForm$DMH+0x00000070010c0400'
Event: 202.614 Thread 0x0000000149e102b0 Unloading class 0x00000070010c0000 'java/lang/invoke/LambdaForm$DMH+0x00000070010c0000'
Event: 202.614 Thread 0x0000000149e102b0 Unloading class 0x000000700100b800 'java/lang/invoke/LambdaForm$MH+0x000000700100b800'
Event: 202.614 Thread 0x0000000149e102b0 Unloading class 0x000000700100ac00 'java/lang/invoke/LambdaForm$MH+0x000000700100ac00'
Event: 202.614 Thread 0x0000000149e102b0 Unloading class 0x000000700100a800 'java/lang/invoke/LambdaForm$MH+0x000000700100a800'
Event: 202.614 Thread 0x0000000149e102b0 Unloading class 0x000000700100a400 'java/lang/invoke/LambdaForm$MH+0x000000700100a400'
Event: 202.614 Thread 0x0000000149e102b0 Unloading class 0x0000007001009c00 'java/lang/invoke/LambdaForm$MH+0x0000007001009c00'
Event: 202.614 Thread 0x0000000149e102b0 Unloading class 0x0000007001009000 'java/lang/invoke/LambdaForm$MH+0x0000007001009000'
Event: 202.614 Thread 0x0000000149e102b0 Unloading class 0x0000007001008000 'java/lang/invoke/LambdaForm$MH+0x0000007001008000'
Event: 202.614 Thread 0x0000000149e102b0 Unloading class 0x0000007001007c00 'java/lang/invoke/LambdaForm$MH+0x0000007001007c00'
Event: 202.614 Thread 0x0000000149e102b0 Unloading class 0x0000007001007400 'java/lang/invoke/LambdaForm$MH+0x0000007001007400'
Event: 202.614 Thread 0x0000000149e102b0 Unloading class 0x0000007001006c00 'java/lang/invoke/LambdaForm$MH+0x0000007001006c00'
Event: 202.614 Thread 0x0000000149e102b0 Unloading class 0x0000007001006400 'java/lang/invoke/LambdaForm$MH+0x0000007001006400'
Event: 202.614 Thread 0x0000000149e102b0 Unloading class 0x0000007001005c00 'java/lang/invoke/LambdaForm$MH+0x0000007001005c00'
Event: 202.614 Thread 0x0000000149e102b0 Unloading class 0x0000007001005400 'java/lang/invoke/LambdaForm$MH+0x0000007001005400'
Event: 202.614 Thread 0x0000000149e102b0 Unloading class 0x0000007001004000 'java/lang/invoke/LambdaForm$MH+0x0000007001004000'
Event: 202.614 Thread 0x0000000149e102b0 Unloading class 0x0000007001003c00 'java/lang/invoke/LambdaForm$MH+0x0000007001003c00'
Event: 202.614 Thread 0x0000000149e102b0 Unloading class 0x0000007001003800 'java/lang/invoke/LambdaForm$MH+0x0000007001003800'
Event: 202.614 Thread 0x0000000149e102b0 Unloading class 0x0000007001003400 'java/lang/invoke/LambdaForm$MH+0x0000007001003400'

Classes redefined (1 events):
Event: 125.301 Thread 0x0000000149e102b0 redefined class name=com.example.service.impl.PerfectJudgServiceImpl, count=1

Internal exceptions (20 events):
Event: 1.317 Thread 0x000000014b0f8e00 Exception <a 'java/lang/IncompatibleClassChangeError'{0x00000007027bf5f8}: Found class java.lang.Object, but interface was expected> (0x00000007027bf5f8) 
thrown [src/hotspot/share/interpreter/linkResolver.cpp, line 840]
Event: 1.323 Thread 0x000000014b0f8e00 Exception <a 'java/lang/IncompatibleClassChangeError'{0x00000007022e5b78}: Found class java.lang.Object, but interface was expected> (0x00000007022e5b78) 
thrown [src/hotspot/share/interpreter/linkResolver.cpp, line 840]
Event: 1.330 Thread 0x000000014b0f8e00 Exception <a 'java/lang/NoSuchMethodError'{0x00000007ffeaf058}: 'java.lang.Object java.lang.invoke.DirectMethodHandle$Holder.invokeVirtual(java.lang.Object, java.lang.Object, java.lang.Object, java.lang.Object, java.lang.Object, java.lang.Object, java.lang.Object)'> (0x00000007ffeaf058) 
thrown [src/hotspot/share/interpreter/linkResolver.cpp, line 773]
Event: 1.333 Thread 0x000000014b0f8e00 Exception <a 'java/lang/IncompatibleClassChangeError'{0x000000070fe5b9f8}: Found class java.lang.Object, but interface was expected> (0x000000070fe5b9f8) 
thrown [src/hotspot/share/interpreter/linkResolver.cpp, line 840]
Event: 1.361 Thread 0x000000014b0f8e00 Exception <a 'java/lang/NoSuchMethodError'{0x00000007081fdf80}: 'java.lang.Object java.lang.invoke.DirectMethodHandle$Holder.newInvokeSpecial(java.lang.Object, java.lang.Object, int, java.lang.Object, java.lang.Object)'> (0x00000007081fdf80) 
thrown [src/hotspot/share/interpreter/linkResolver.cpp, line 773]
Event: 1.524 Thread 0x000000014b1e8800 Exception <a 'java/lang/NoSuchMethodError'{0x0000000704679790}: 'java.lang.Object java.lang.invoke.DirectMethodHandle$Holder.invokeInterface(java.lang.Object, java.lang.Object, java.lang.Object, java.lang.Object, java.lang.Object, java.lang.Object, java.lang.Object)'> (0x0000000704679790) 
thrown [src/hotspot/share/interpreter/linkResolver.cpp, line 773]
Event: 1.524 Thread 0x000000013a008200 Exception <a 'java/lang/NoSuchMethodError'{0x00000007046a5a18}: 'java.lang.Object java.lang.invoke.DirectMethodHandle$Holder.invokeInterface(java.lang.Object, java.lang.Object, java.lang.Object, java.lang.Object, java.lang.Object, java.lang.Object, java.lang.Object)'> (0x00000007046a5a18) 
thrown [src/hotspot/share/interpreter/linkResolver.cpp, line 773]
Event: 1.524 Thread 0x000000011ba69e00 Exception <a 'java/lang/NoSuchMethodError'{0x000000070473d358}: 'java.lang.Object java.lang.invoke.DirectMethodHandle$Holder.invokeInterface(java.lang.Object, java.lang.Object, java.lang.Object, java.lang.Object, java.lang.Object, java.lang.Object, java.lang.Object)'> (0x000000070473d358) 
thrown [src/hotspot/share/interpreter/linkResolver.cpp, line 773]
Event: 1.524 Thread 0x000000011b8a5e00 Exception <a 'java/lang/NoSuchMethodError'{0x0000000704654dd8}: 'java.lang.Object java.lang.invoke.DirectMethodHandle$Holder.invokeInterface(java.lang.Object, java.lang.Object, java.lang.Object, java.lang.Object, java.lang.Object, java.lang.Object, java.lang.Object)'> (0x0000000704654dd8) 
thrown [src/hotspot/share/interpreter/linkResolver.cpp, line 773]
Event: 126.126 Thread 0x000000011f809e00 Exception <a 'java/lang/NoSuchMethodError'{0x00000007040e7218}: 'java.lang.Object java.lang.invoke.DirectMethodHandle$Holder.newInvokeSpecial(java.lang.Object, java.lang.Object, java.lang.Object, java.lang.Object, int)'> (0x00000007040e7218) 
thrown [src/hotspot/share/interpreter/linkResolver.cpp, line 773]
Event: 126.126 Thread 0x000000011f809e00 Exception <a 'java/lang/NoSuchMethodError'{0x00000007040eafe8}: 'java.lang.Object java.lang.invoke.DirectMethodHandle$Holder.invokeSpecial(java.lang.Object, java.lang.Object, java.lang.Object, java.lang.Object, java.lang.Object, int)'> (0x00000007040eafe8) 
thrown [src/hotspot/share/interpreter/linkResolver.cpp, line 773]
Event: 126.126 Thread 0x000000011f809e00 Exception <a 'java/lang/NoSuchMethodError'{0x00000007040ee5c8}: 'java.lang.Object java.lang.invoke.Invokers$Holder.linkToTargetMethod(java.lang.Object, java.lang.Object, java.lang.Object, int, java.lang.Object)'> (0x00000007040ee5c8) 
thrown [src/hotspot/share/interpreter/linkResolver.cpp, line 773]
Event: 126.162 Thread 0x000000011ba83800 Exception <a 'java/lang/InterruptedException'{0x0000000703e52318}: sleep interrupted> (0x0000000703e52318) 
thrown [src/hotspot/share/prims/jvm.cpp, line 3074]
Event: 126.189 Thread 0x000000011e813400 Exception <a 'sun/nio/fs/UnixException'{0x00000007080ede28}> (0x00000007080ede28) 
thrown [src/hotspot/share/prims/jni.cpp, line 520]
Event: 126.321 Thread 0x000000011e813400 Exception <a 'java/io/FileNotFoundException'{0x000000070301a900}> (0x000000070301a900) 
thrown [src/hotspot/share/prims/jni.cpp, line 520]
Event: 126.329 Thread 0x000000011e813400 Exception <a 'java/io/FileNotFoundException'{0x00000007031ca530}> (0x00000007031ca530) 
thrown [src/hotspot/share/prims/jni.cpp, line 520]
Event: 202.603 Thread 0x000000014a9d1600 Exception <a 'java/lang/InterruptedException'{0x00000007048d0540}: sleep interrupted> (0x00000007048d0540) 
thrown [src/hotspot/share/prims/jvm.cpp, line 3074]
Event: 202.633 Thread 0x000000011bcb0c00 Exception <a 'sun/nio/fs/UnixException'{0x00000007080b0e58}> (0x00000007080b0e58) 
thrown [src/hotspot/share/prims/jni.cpp, line 520]
Event: 202.725 Thread 0x000000011bcb0c00 Exception <a 'java/io/FileNotFoundException'{0x00000007033cf050}> (0x00000007033cf050) 
thrown [src/hotspot/share/prims/jni.cpp, line 520]
Event: 202.732 Thread 0x000000011bcb0c00 Exception <a 'java/io/FileNotFoundException'{0x000000070317e6f0}> (0x000000070317e6f0) 
thrown [src/hotspot/share/prims/jni.cpp, line 520]

ZGC Phase Switch (0 events):
No events

VM Operations (20 events):
Event: 227.215 Executing VM operation: get/set locals
Event: 227.215 Executing VM operation: get/set locals done
Event: 227.215 Executing VM operation: get/set locals
Event: 227.215 Executing VM operation: get/set locals done
Event: 227.215 Executing VM operation: get/set locals
Event: 227.215 Executing VM operation: get/set locals done
Event: 227.215 Executing VM operation: get/set locals
Event: 227.215 Executing VM operation: get/set locals done
Event: 227.215 Executing VM operation: get/set locals
Event: 227.215 Executing VM operation: get/set locals done
Event: 227.215 Executing VM operation: get/set locals
Event: 227.215 Executing VM operation: get/set locals done
Event: 227.216 Executing VM operation: get/set locals
Event: 227.216 Executing VM operation: get/set locals done
Event: 240.527 Executing VM operation: HandshakeAllThreads (HandshakeForDeflation)
Event: 240.527 Executing VM operation: HandshakeAllThreads (HandshakeForDeflation) done
Event: 240.527 Executing VM operation: RendezvousGCThreads
Event: 240.527 Executing VM operation: RendezvousGCThreads done
Event: 241.528 Executing VM operation: Cleanup
Event: 241.529 Executing VM operation: Cleanup done

Memory protections (20 events):
Event: 202.595 Protecting memory [0x00000001728ac000,0x00000001728b8000] with protection modes 3
Event: 202.595 Protecting memory [0x000000017390c000,0x0000000173918000] with protection modes 3
Event: 202.598 Protecting memory [0x000000016fdb0000,0x000000016fdbc000] with protection modes 0
Event: 202.599 Protecting memory [0x0000000171a58000,0x0000000171a64000] with protection modes 3
Event: 202.599 Protecting memory [0x000000016fdb0000,0x000000016fdbc000] with protection modes 3
Event: 202.603 Protecting memory [0x000000017184c000,0x0000000171858000] with protection modes 3
Event: 202.603 Protecting memory [0x0000000171228000,0x0000000171234000] with protection modes 3
Event: 202.603 Protecting memory [0x0000000171434000,0x0000000171440000] with protection modes 3
Event: 202.628 Protecting memory [0x000000016fdb0000,0x000000016fdbc000] with protection modes 0
Event: 202.628 Protecting memory [0x000000016fdb0000,0x000000016fdbc000] with protection modes 3
Event: 202.628 Protecting memory [0x000000016fdb0000,0x000000016fdbc000] with protection modes 0
Event: 202.650 Protecting memory [0x0000000171228000,0x0000000171234000] with protection modes 0
Event: 202.652 Protecting memory [0x0000000171228000,0x0000000171234000] with protection modes 3
Event: 202.732 Protecting memory [0x0000000171228000,0x0000000171234000] with protection modes 0
Event: 202.732 Protecting memory [0x0000000171434000,0x0000000171440000] with protection modes 0
Event: 202.732 Protecting memory [0x000000017184c000,0x0000000171858000] with protection modes 0
Event: 202.739 Protecting memory [0x0000000171a58000,0x0000000171a64000] with protection modes 0
Event: 202.840 Protecting memory [0x0000000172494000,0x00000001724a0000] with protection modes 0
Event: 208.165 Protecting memory [0x0000000172494000,0x00000001724a0000] with protection modes 3
Event: 210.540 Protecting memory [0x0000000174348000,0x0000000174354000] with protection modes 3

Nmethod flushes (20 events):
Event: 202.619 Thread 0x0000000149e102b0 flushing  nmethod 0x000000010dd22b10
Event: 202.619 Thread 0x0000000149e102b0 flushing  nmethod 0x000000010dd23290
Event: 202.619 Thread 0x0000000149e102b0 flushing  nmethod 0x000000010dd24010
Event: 202.619 Thread 0x0000000149e102b0 flushing  nmethod 0x000000010dd3b810
Event: 202.619 Thread 0x0000000149e102b0 flushing  nmethod 0x000000010dd3e990
Event: 202.619 Thread 0x0000000149e102b0 flushing  nmethod 0x000000010dd3fe90
Event: 202.619 Thread 0x0000000149e102b0 flushing  nmethod 0x000000010dd48d10
Event: 202.619 Thread 0x0000000149e102b0 flushing  nmethod 0x000000010dd49110
Event: 202.619 Thread 0x0000000149e102b0 flushing  nmethod 0x000000010dd49e90
Event: 202.619 Thread 0x0000000149e102b0 flushing  nmethod 0x000000010dd4bb10
Event: 202.619 Thread 0x0000000149e102b0 flushing  nmethod 0x000000010dd92910
Event: 202.619 Thread 0x0000000149e102b0 flushing  nmethod 0x000000010ddb6f10
Event: 202.619 Thread 0x0000000149e102b0 flushing  nmethod 0x000000010dddac10
Event: 202.619 Thread 0x0000000149e102b0 flushing  nmethod 0x000000010dddbb90
Event: 202.619 Thread 0x0000000149e102b0 flushing  nmethod 0x000000010ded2290
Event: 202.619 Thread 0x0000000149e102b0 flushing  nmethod 0x000000010df92d10
Event: 202.619 Thread 0x0000000149e102b0 flushing  nmethod 0x000000010dfdf890
Event: 202.619 Thread 0x0000000149e102b0 flushing  nmethod 0x000000010dfe0c10
Event: 202.619 Thread 0x0000000149e102b0 flushing  nmethod 0x000000010e03c590
Event: 202.619 Thread 0x0000000149e102b0 flushing  nmethod 0x000000010e0c0f10

Events (20 events):
Event: 202.595 Thread 0x000000011b817200 Thread exited: 0x000000011b817200
Event: 202.595 Thread 0x000000014a499a00 Thread exited: 0x000000014a499a00
Event: 202.598 Thread 0x000000013a031c00 Thread added: 0x000000013a028400
Event: 202.599 Thread 0x000000014a584400 Thread exited: 0x000000014a584400
Event: 202.599 Thread 0x000000013a028400 Thread exited: 0x000000013a028400
Event: 202.603 Thread 0x000000014a9d1600 Thread exited: 0x000000014a9d1600
Event: 202.603 Thread 0x000000011ba9d400 Thread exited: 0x000000011ba9d400
Event: 202.603 Thread 0x000000011bcb0c00 Thread exited: 0x000000011bcb0c00
Event: 202.628 Thread 0x000000013a031c00 Thread added: 0x000000014a011c00
Event: 202.628 Thread 0x000000014a011c00 Thread exited: 0x000000014a011c00
Event: 202.628 Thread 0x000000013a031c00 Thread added: 0x000000011bcb0c00
Event: 202.650 Thread 0x000000011bcb0c00 Thread added: 0x000000014b1d4600
Event: 202.652 Thread 0x000000014b1d4600 Thread exited: 0x000000014b1d4600
Event: 202.732 Thread 0x000000011bcb0c00 Thread added: 0x000000014a423000
Event: 202.732 Thread 0x000000011bcb0c00 Thread added: 0x000000014a584400
Event: 202.732 Thread 0x000000011bcb0c00 Thread added: 0x000000014a0cb400
Event: 202.739 Thread 0x000000011bcb0c00 Thread added: 0x000000014a103800
Event: 202.840 Thread 0x000000014a103800 Thread added: 0x000000011ba9d400
Event: 208.165 Thread 0x000000011ba9d400 Thread exited: 0x000000011ba9d400
Event: 210.540 Thread 0x000000014a91bc00 Thread exited: 0x000000014a91bc00


Dynamic libraries:
0x0000000102bb0000 	/Applications/Eclipse_2024-12.app/Contents/java/21/lib/libjli.dylib
0x00000001b1713000 	/System/Library/Frameworks/Cocoa.framework/Versions/A/Cocoa
0x0000000198ec3000 	/System/Library/Frameworks/AppKit.framework/Versions/C/AppKit
0x000000019c1b3000 	/System/Library/Frameworks/CoreData.framework/Versions/A/CoreData
0x000000019654f000 	/System/Library/Frameworks/Foundation.framework/Versions/C/Foundation
0x00000001a314b000 	/usr/lib/libSystem.B.dylib
0x000000019a354000 	/System/Library/PrivateFrameworks/UIFoundation.framework/Versions/A/UIFoundation
0x0000000242fe2000 	/System/Library/PrivateFrameworks/CollectionViewCore.framework/Versions/A/CollectionViewCore
0x00000001a0cd4000 	/System/Library/PrivateFrameworks/XCTTargetBootstrap.framework/Versions/A/XCTTargetBootstrap
0x00000001a5917000 	/System/Library/PrivateFrameworks/InternationalSupport.framework/Versions/A/InternationalSupport
0x00000001a5c6e000 	/System/Library/PrivateFrameworks/UserActivity.framework/Versions/A/UserActivity
0x000000027196c000 	/System/Library/PrivateFrameworks/UIIntelligenceSupport.framework/Versions/A/UIIntelligenceSupport
0x00000001fba05000 	/System/Library/Frameworks/SwiftUICore.framework/Versions/A/SwiftUICore
0x00000002769f2000 	/System/Library/PrivateFrameworks/WritingTools.framework/Versions/A/WritingTools
0x0000000275a36000 	/System/Library/PrivateFrameworks/WindowManagement.framework/Versions/A/WindowManagement
0x00000001961b2000 	/System/Library/Frameworks/SystemConfiguration.framework/Versions/A/SystemConfiguration
0x00000001a4d7a000 	/usr/lib/libspindump.dylib
0x000000019a506000 	/System/Library/Frameworks/UniformTypeIdentifiers.framework/Versions/A/UniformTypeIdentifiers
0x00000001a2536000 	/usr/lib/libbsm.0.dylib
0x000000019e756000 	/usr/lib/libapp_launch_measurement.dylib
0x000000019daff000 	/System/Library/PrivateFrameworks/CoreAnalytics.framework/Versions/A/CoreAnalytics
0x000000019e75a000 	/System/Library/PrivateFrameworks/CoreAutoLayout.framework/Versions/A/CoreAutoLayout
0x00000001a02ee000 	/System/Library/Frameworks/Metal.framework/Versions/A/Metal
0x00000001a1512000 	/usr/lib/liblangid.dylib
0x00000001a0cda000 	/System/Library/PrivateFrameworks/CoreSVG.framework/Versions/A/CoreSVG
0x000000019af2b000 	/System/Library/PrivateFrameworks/SkyLight.framework/Versions/A/SkyLight
0x000000019b452000 	/System/Library/Frameworks/CoreGraphics.framework/Versions/A/CoreGraphics
0x00000001aae24000 	/System/Library/Frameworks/Accelerate.framework/Versions/A/Accelerate
0x00000001a4bbd000 	/System/Library/PrivateFrameworks/IconServices.framework/Versions/A/IconServices
0x00000001a02cb000 	/System/Library/Frameworks/IOSurface.framework/Versions/A/IOSurface
0x000000019db30000 	/usr/lib/libDiagnosticMessagesClient.dylib
0x00000001a3095000 	/usr/lib/libz.1.dylib
0x00000001aed39000 	/System/Library/Frameworks/ApplicationServices.framework/Versions/A/ApplicationServices
0x00000001a0cbf000 	/System/Library/PrivateFrameworks/DFRFoundation.framework/Versions/A/DFRFoundation
0x0000000198728000 	/usr/lib/libicucore.A.dylib
0x00000001a6cf7000 	/System/Library/Frameworks/AudioToolbox.framework/Versions/A/AudioToolbox
0x00000001a5c1f000 	/System/Library/PrivateFrameworks/DataDetectorsCore.framework/Versions/A/DataDetectorsCore
0x00000001c17c0000 	/System/Library/PrivateFrameworks/TextInput.framework/Versions/A/TextInput
0x000000019ae76000 	/usr/lib/libMobileGestalt.dylib
0x00000001a09b8000 	/System/Library/Frameworks/Carbon.framework/Versions/A/Frameworks/HIToolbox.framework/Versions/A/HIToolbox
0x000000019e037000 	/System/Library/Frameworks/QuartzCore.framework/Versions/A/QuartzCore
0x000000019831e000 	/System/Library/Frameworks/Security.framework/Versions/A/Security
0x00000001aa781000 	/System/Library/Frameworks/Carbon.framework/Versions/A/Frameworks/SpeechRecognition.framework/Versions/A/SpeechRecognition
0x000000019e45d000 	/System/Library/PrivateFrameworks/CoreUI.framework/Versions/A/CoreUI
0x0000000197bec000 	/System/Library/Frameworks/CoreAudio.framework/Versions/A/CoreAudio
0x000000019dc1e000 	/System/Library/Frameworks/DiskArbitration.framework/Versions/A/DiskArbitration
0x00000001a51e3000 	/System/Library/PrivateFrameworks/MultitouchSupport.framework/Versions/A/MultitouchSupport
0x000000019ae74000 	/usr/lib/libenergytrace.dylib
0x00000001b5d64000 	/System/Library/PrivateFrameworks/RenderBox.framework/Versions/A/RenderBox
0x0000000198d73000 	/System/Library/Frameworks/IOKit.framework/Versions/A/IOKit
0x00000001aab78000 	/System/Library/Frameworks/CoreServices.framework/Versions/A/CoreServices
0x000000019e6e7000 	/System/Library/PrivateFrameworks/PerformanceAnalysis.framework/Versions/A/PerformanceAnalysis
0x00000001f53c6000 	/System/Library/Frameworks/OpenGL.framework/Versions/A/OpenGL
0x000000019e7a4000 	/usr/lib/libxml2.2.dylib
0x00000001a241a000 	/System/Library/PrivateFrameworks/MobileKeyBag.framework/Versions/A/MobileKeyBag
0x0000000194af4000 	/usr/lib/libobjc.A.dylib
0x0000000194e02000 	/usr/lib/libc++.1.dylib
0x00000001aaaf9000 	/System/Library/Frameworks/Accessibility.framework/Versions/A/Accessibility
0x000000019bb83000 	/System/Library/Frameworks/ColorSync.framework/Versions/A/ColorSync
0x0000000194f5e000 	/System/Library/Frameworks/CoreFoundation.framework/Versions/A/CoreFoundation
0x00000001a1094000 	/System/Library/Frameworks/CoreImage.framework/Versions/A/CoreImage
0x00000001979cd000 	/System/Library/Frameworks/CoreText.framework/Versions/A/CoreText
0x00000001f6912000 	/System/Library/Frameworks/CoreTransferable.framework/Versions/A/CoreTransferable
0x00000001f6e97000 	/System/Library/Frameworks/DataDetection.framework/Versions/A/DataDetection
0x00000001f6e9a000 	/System/Library/Frameworks/DeveloperToolsSupport.framework/Versions/A/DeveloperToolsSupport
0x00000001a0d15000 	/System/Library/Frameworks/ImageIO.framework/Versions/A/ImageIO
0x00000001fc5c8000 	/System/Library/Frameworks/Symbols.framework/Versions/A/Symbols
0x00000001e8b74000 	/System/Library/PrivateFrameworks/FeatureFlags.framework/Versions/A/FeatureFlags
0x00000001a3150000 	/System/Library/PrivateFrameworks/SoftLinking.framework/Versions/A/SoftLinking
0x00000001d4431000 	/usr/lib/swift/libswiftAccelerate.dylib
0x00000001a668c000 	/usr/lib/swift/libswiftCore.dylib
0x00000001bde63000 	/usr/lib/swift/libswiftCoreFoundation.dylib
0x00000001bdebd000 	/usr/lib/swift/libswiftCoreImage.dylib
0x00000001bb1cc000 	/usr/lib/swift/libswiftDarwin.dylib
0x000000027d60f000 	/usr/lib/swift/libswiftDataDetection.dylib
0x00000001ac671000 	/usr/lib/swift/libswiftDispatch.dylib
0x00000001bdebe000 	/usr/lib/swift/libswiftIOKit.dylib
0x00000001caa28000 	/usr/lib/swift/libswiftMetal.dylib
0x00000001d99c9000 	/usr/lib/swift/libswiftOSLog.dylib
0x00000001af2f3000 	/usr/lib/swift/libswiftObjectiveC.dylib
0x000000027d63c000 	/usr/lib/swift/libswiftObservation.dylib
0x00000001cfdc7000 	/usr/lib/swift/libswiftQuartzCore.dylib
0x00000001d4422000 	/usr/lib/swift/libswiftUniformTypeIdentifiers.dylib
0x00000001bde75000 	/usr/lib/swift/libswiftXPC.dylib
0x000000027d722000 	/usr/lib/swift/libswift_Builtin_float.dylib
0x000000027d725000 	/usr/lib/swift/libswift_Concurrency.dylib
0x000000027d884000 	/usr/lib/swift/libswift_StringProcessing.dylib
0x000000027d917000 	/usr/lib/swift/libswift_errno.dylib
0x000000027d919000 	/usr/lib/swift/libswift_math.dylib
0x000000027d91c000 	/usr/lib/swift/libswift_signal.dylib
0x000000027d91d000 	/usr/lib/swift/libswift_stdio.dylib
0x000000027d91e000 	/usr/lib/swift/libswift_time.dylib
0x00000001af2f7000 	/usr/lib/swift/libswiftos.dylib
0x00000001c1717000 	/usr/lib/swift/libswiftsimd.dylib
0x000000027d91f000 	/usr/lib/swift/libswiftsys_time.dylib
0x000000027d920000 	/usr/lib/swift/libswiftunistd.dylib
0x00000001a3379000 	/usr/lib/libcompression.dylib
0x00000001a5877000 	/System/Library/PrivateFrameworks/TextureIO.framework/Versions/A/TextureIO
0x00000001a485c000 	/usr/lib/libate.dylib
0x00000001a3145000 	/usr/lib/system/libcache.dylib
0x00000001a3100000 	/usr/lib/system/libcommonCrypto.dylib
0x00000001a312b000 	/usr/lib/system/libcompiler_rt.dylib
0x00000001a3120000 	/usr/lib/system/libcopyfile.dylib
0x0000000194c4f000 	/usr/lib/system/libcorecrypto.dylib
0x0000000194d36000 	/usr/lib/system/libdispatch.dylib
0x0000000194ef6000 	/usr/lib/system/libdyld.dylib
0x00000001a313b000 	/usr/lib/system/libkeymgr.dylib
0x00000001a30e3000 	/usr/lib/system/libmacho.dylib
0x00000001a250f000 	/usr/lib/system/libquarantine.dylib
0x00000001a3138000 	/usr/lib/system/libremovefile.dylib
0x000000019aef0000 	/usr/lib/system/libsystem_asl.dylib
0x0000000194be4000 	/usr/lib/system/libsystem_blocks.dylib
0x0000000194d80000 	/usr/lib/system/libsystem_c.dylib
0x00000001a312f000 	/usr/lib/system/libsystem_collections.dylib
0x00000001a14ff000 	/usr/lib/system/libsystem_configuration.dylib
0x00000001a029a000 	/usr/lib/system/libsystem_containermanager.dylib
0x00000001a2c25000 	/usr/lib/system/libsystem_coreservices.dylib
0x00000001989f4000 	/usr/lib/system/libsystem_darwin.dylib
0x000000027da57000 	/usr/lib/system/libsystem_darwindirectory.dylib
0x00000001a313c000 	/usr/lib/system/libsystem_dnssd.dylib
0x000000027da5b000 	/usr/lib/system/libsystem_eligibility.dylib
0x0000000194d7d000 	/usr/lib/system/libsystem_featureflags.dylib
0x0000000194f2e000 	/usr/lib/system/libsystem_info.dylib
0x00000001a30a4000 	/usr/lib/system/libsystem_m.dylib
0x0000000194cee000 	/usr/lib/system/libsystem_malloc.dylib
0x000000019ae59000 	/usr/lib/system/libsystem_networkextension.dylib
0x0000000198e56000 	/usr/lib/system/libsystem_notify.dylib
0x00000001a1504000 	/usr/lib/system/libsystem_sandbox.dylib
0x000000027da63000 	/usr/lib/system/libsystem_sanitizers.dylib
0x00000001a3134000 	/usr/lib/system/libsystem_secinit.dylib
0x0000000194ead000 	/usr/lib/system/libsystem_kernel.dylib
0x0000000194f26000 	/usr/lib/system/libsystem_platform.dylib
0x0000000194ee9000 	/usr/lib/system/libsystem_pthread.dylib
0x000000019ca4d000 	/usr/lib/system/libsystem_symptoms.dylib
0x0000000194c33000 	/usr/lib/system/libsystem_trace.dylib
0x00000001a310e000 	/usr/lib/system/libunwind.dylib
0x0000000194be8000 	/usr/lib/system/libxpc.dylib
0x0000000194e8f000 	/usr/lib/libc++abi.dylib
0x000000027c62c000 	/usr/lib/libRosetta.dylib
0x0000000198cf2000 	/System/Library/PrivateFrameworks/CoreServicesInternal.framework/Versions/A/CoreServicesInternal
0x00000001a3118000 	/usr/lib/liboah.dylib
0x00000001a314d000 	/usr/lib/libfakelink.dylib
0x00000001ae7ec000 	/System/Library/PrivateFrameworks/DiskImages.framework/Versions/A/DiskImages
0x00000001bacf5000 	/System/Library/Frameworks/NetFS.framework/Versions/A/NetFS
0x000000019aa8f000 	/System/Library/Frameworks/CFNetwork.framework/Versions/A/CFNetwork
0x000000019e71e000 	/System/Library/Frameworks/CoreServices.framework/Versions/A/Frameworks/FSEvents.framework/Versions/A/FSEvents
0x00000001989ff000 	/System/Library/Frameworks/CoreServices.framework/Versions/A/Frameworks/CarbonCore.framework/Versions/A/CarbonCore
0x000000019db93000 	/System/Library/Frameworks/CoreServices.framework/Versions/A/Frameworks/Metadata.framework/Versions/A/Metadata
0x00000001a2c2d000 	/System/Library/Frameworks/CoreServices.framework/Versions/A/Frameworks/OSServices.framework/Versions/A/OSServices
0x00000001a329a000 	/System/Library/Frameworks/CoreServices.framework/Versions/A/Frameworks/SearchKit.framework/Versions/A/SearchKit
0x000000019c9c8000 	/System/Library/Frameworks/CoreServices.framework/Versions/A/Frameworks/AE.framework/Versions/A/AE
0x000000019549d000 	/System/Library/Frameworks/CoreServices.framework/Versions/A/Frameworks/LaunchServices.framework/Versions/A/LaunchServices
0x00000001a46b1000 	/System/Library/Frameworks/CoreServices.framework/Versions/A/Frameworks/DictionaryServices.framework/Versions/A/DictionaryServices
0x000000019e72c000 	/System/Library/Frameworks/CoreServices.framework/Versions/A/Frameworks/SharedFileList.framework/Versions/A/SharedFileList
0x00000001a3330000 	/usr/lib/libapple_nghttp2.dylib
0x000000019c629000 	/usr/lib/libsqlite3.dylib
0x00000001a7370000 	/System/Library/Frameworks/GSS.framework/Versions/A/GSS
0x000000019c95f000 	/System/Library/PrivateFrameworks/RunningBoardServices.framework/Versions/A/RunningBoardServices
0x000000019ca56000 	/System/Library/Frameworks/Network.framework/Versions/A/Network
0x00000001a30e7000 	/usr/lib/system/libkxld.dylib
0x000000023ed8d000 	/System/Library/PrivateFrameworks/AppleKeyStore.framework/Versions/A/AppleKeyStore
0x000000027c484000 	/usr/lib/libCoreEntitlements.dylib
0x0000000259e58000 	/System/Library/PrivateFrameworks/MessageSecurity.framework/Versions/A/MessageSecurity
0x000000019c60e000 	/System/Library/PrivateFrameworks/ProtocolBuffer.framework/Versions/A/ProtocolBuffer
0x00000001a2c0c000 	/System/Library/PrivateFrameworks/AppleFSCompression.framework/Versions/A/AppleFSCompression
0x00000001a251e000 	/usr/lib/libcoretls.dylib
0x00000001a4727000 	/usr/lib/libcoretls_cfhelpers.dylib
0x00000001a3373000 	/usr/lib/libpam.2.dylib
0x00000001a479b000 	/usr/lib/libxar.1.dylib
0x00000001a31a2000 	/usr/lib/libarchive.2.dylib
0x00000001a8a73000 	/System/Library/Frameworks/Combine.framework/Versions/A/Combine
0x0000000243006000 	/System/Library/PrivateFrameworks/CollectionsInternal.framework/Versions/A/CollectionsInternal
0x0000000262eb8000 	/System/Library/PrivateFrameworks/ReflectionInternal.framework/Versions/A/ReflectionInternal
0x0000000263b8f000 	/System/Library/PrivateFrameworks/RuntimeInternal.framework/Versions/A/RuntimeInternal
0x000000027d6b3000 	/usr/lib/swift/libswiftSystem.dylib
0x00000001a150d000 	/System/Library/PrivateFrameworks/AppleSystemInfo.framework/Versions/A/AppleSystemInfo
0x00000001bdd4e000 	/System/Library/PrivateFrameworks/LoggingSupport.framework/Versions/A/LoggingSupport
0x00000001abb32000 	/System/Library/PrivateFrameworks/PowerLog.framework/Versions/A/PowerLog
0x00000001fb8ca000 	/System/Library/Frameworks/SwiftData.framework/Versions/A/SwiftData
0x000000019e92f000 	/System/Library/PrivateFrameworks/UserManagement.framework/Versions/A/UserManagement
0x000000019a9bd000 	/usr/lib/libboringssl.dylib
0x000000019ca3c000 	/usr/lib/libdns_services.dylib
0x00000001bcefd000 	/usr/lib/libquic.dylib
0x00000001a661b000 	/usr/lib/libusrtcp.dylib
0x00000001e183e000 	/System/Library/PrivateFrameworks/InternalSwiftProtobuf.framework/Versions/A/InternalSwiftProtobuf
0x000000027d610000 	/usr/lib/swift/libswiftDistributed.dylib
0x000000027d6a9000 	/usr/lib/swift/libswiftSynchronization.dylib
0x000000019aa8e000 	/usr/lib/libnetwork.dylib
0x00000001ce9fe000 	/System/Library/PrivateFrameworks/OSAnalytics.framework/Versions/A/OSAnalytics
0x00000001a330b000 	/System/Library/PrivateFrameworks/AppleSauce.framework/Versions/A/AppleSauce
0x00000001ace07000 	/System/Library/PrivateFrameworks/CoreSymbolication.framework/Versions/A/CoreSymbolication
0x00000001dd507000 	/System/Library/PrivateFrameworks/Symbolication.framework/Versions/A/Symbolication
0x00000001acde3000 	/System/Library/PrivateFrameworks/DebugSymbols.framework/Versions/A/DebugSymbols
0x000000027c34f000 	/usr/lib/libAppleArchive.dylib
0x00000001a2c18000 	/usr/lib/libbz2.1.0.dylib
0x00000001a4708000 	/usr/lib/liblzma.5.dylib
0x00000001a220a000 	/System/Library/PrivateFrameworks/IOMobileFramebuffer.framework/Versions/A/IOMobileFramebuffer
0x00000001bddd7000 	/System/Library/PrivateFrameworks/MallocStackLogging.framework/Versions/A/MallocStackLogging
0x00000001a48f6000 	/System/Library/PrivateFrameworks/CrashReporterSupport.framework/Versions/A/CrashReporterSupport
0x0000000195fa9000 	/System/Library/PrivateFrameworks/Lexicon.framework/Versions/A/Lexicon
0x0000000252198000 	/System/Library/PrivateFrameworks/IO80211.framework/Versions/A/IO80211
0x00000001ac909000 	/System/Library/PrivateFrameworks/FrontBoardServices.framework/Versions/A/FrontBoardServices
0x00000001a2446000 	/System/Library/Frameworks/SecurityFoundation.framework/Versions/A/SecurityFoundation
0x00000001a25a8000 	/usr/lib/libgermantok.dylib
0x00000001a1631000 	/System/Library/PrivateFrameworks/LinguisticData.framework/Versions/A/LinguisticData
0x000000019c87a000 	/System/Library/PrivateFrameworks/BaseBoard.framework/Versions/A/BaseBoard
0x00000001ac9d6000 	/System/Library/PrivateFrameworks/BoardServices.framework/Versions/A/BoardServices
0x00000001a2437000 	/System/Library/PrivateFrameworks/AssertionServices.framework/Versions/A/AssertionServices
0x00000001ae626000 	/System/Library/PrivateFrameworks/BackBoardServices.framework/Versions/A/BackBoardServices
0x00000001a06e5000 	/System/Library/PrivateFrameworks/FontServices.framework/libFontParser.dylib
0x000000019af08000 	/System/Library/PrivateFrameworks/TCC.framework/Versions/A/TCC
0x00000001b201e000 	/System/Library/PrivateFrameworks/IOSurfaceAccelerator.framework/Versions/A/IOSurfaceAccelerator
0x00000001a51e1000 	/System/Library/PrivateFrameworks/WatchdogClient.framework/Versions/A/WatchdogClient
0x00000001974f4000 	/System/Library/Frameworks/CoreDisplay.framework/Versions/A/CoreDisplay
0x00000001a0589000 	/System/Library/Frameworks/CoreMedia.framework/Versions/A/CoreMedia
0x00000001a02e4000 	/System/Library/PrivateFrameworks/IOAccelerator.framework/Versions/A/IOAccelerator
0x000000019e88e000 	/System/Library/Frameworks/CoreVideo.framework/Versions/A/CoreVideo
0x00000001a3371000 	/System/Library/Frameworks/MetalPerformanceShaders.framework/Versions/A/MetalPerformanceShaders
0x00000002621f6000 	/System/Library/PrivateFrameworks/ProDisplayLibrary.framework/Versions/A/ProDisplayLibrary
0x00000001a5229000 	/System/Library/Frameworks/VideoToolbox.framework/Versions/A/VideoToolbox
0x00000001a150b000 	/System/Library/PrivateFrameworks/AggregateDictionary.framework/Versions/A/AggregateDictionary
0x00000001a4729000 	/System/Library/PrivateFrameworks/APFS.framework/Versions/A/APFS
0x00000001a47aa000 	/usr/lib/libutil.dylib
0x000000026d11b000 	/System/Library/PrivateFrameworks/SwiftASN1Internal.framework/Versions/A/SwiftASN1Internal
0x000000019dc27000 	/System/Library/Frameworks/Accelerate.framework/Versions/A/Frameworks/vImage.framework/Versions/A/vImage
0x00000001aab53000 	/System/Library/Frameworks/Accelerate.framework/Versions/A/Frameworks/vecLib.framework/Versions/A/vecLib
0x00000001a47e2000 	/System/Library/Frameworks/Accelerate.framework/Versions/A/Frameworks/vecLib.framework/Versions/A/libvMisc.dylib
0x0000000195915000 	/System/Library/Frameworks/Accelerate.framework/Versions/A/Frameworks/vecLib.framework/Versions/A/libBLAS.dylib
0x00000001a6f47000 	/System/Library/Frameworks/ApplicationServices.framework/Versions/A/Frameworks/ATS.framework/Versions/A/ATS
0x000000019bd39000 	/System/Library/Frameworks/ApplicationServices.framework/Versions/A/Frameworks/HIServices.framework/Versions/A/HIServices
0x00000001a5800000 	/System/Library/Frameworks/ApplicationServices.framework/Versions/A/Frameworks/PrintCore.framework/Versions/A/PrintCore
0x00000001a733a000 	/System/Library/Frameworks/ApplicationServices.framework/Versions/A/Frameworks/QD.framework/Versions/A/QD
0x00000001a7331000 	/System/Library/Frameworks/ApplicationServices.framework/Versions/A/Frameworks/ColorSyncLegacy.framework/Versions/A/ColorSyncLegacy
0x00000001a6f19000 	/System/Library/Frameworks/ApplicationServices.framework/Versions/A/Frameworks/SpeechSynthesis.framework/Versions/A/SpeechSynthesis
0x00000001a21d7000 	/System/Library/PrivateFrameworks/CoreEmoji.framework/Versions/A/CoreEmoji
0x000000024925d000 	/System/Library/PrivateFrameworks/FontServices.framework/Versions/A/FontServices
0x00000001a4d2f000 	/System/Library/PrivateFrameworks/OTSVG.framework/Versions/A/OTSVG
0x000000019e40b000 	/System/Library/Frameworks/ApplicationServices.framework/Versions/A/Frameworks/ATS.framework/Versions/A/Resources/libFontRegistry.dylib
0x000000027ca11000 	/usr/lib/libhvf.dylib
0x000000025e0fc000 	/System/Library/PrivateFrameworks/ParsingInternal.framework/Versions/A/ParsingInternal
0x000000027d659000 	/usr/lib/swift/libswiftRegexBuilder.dylib
0x000000027d7e1000 	/usr/lib/swift/libswift_RegexParser.dylib
0x00000001a50aa000 	/System/Library/PrivateFrameworks/AppleJPEG.framework/Versions/A/AppleJPEG
0x00000001a4b4b000 	/usr/lib/libexpat.1.dylib
0x00000001a56d6000 	/System/Library/Frameworks/ImageIO.framework/Versions/A/Resources/libPng.dylib
0x00000001a5701000 	/System/Library/Frameworks/ImageIO.framework/Versions/A/Resources/libTIFF.dylib
0x00000001a57eb000 	/System/Library/Frameworks/ImageIO.framework/Versions/A/Resources/libGIF.dylib
0x00000001a50f0000 	/System/Library/Frameworks/ImageIO.framework/Versions/A/Resources/libJP2.dylib
0x00000001a5792000 	/System/Library/Frameworks/ImageIO.framework/Versions/A/Resources/libJPEG.dylib
0x00000001a5789000 	/System/Library/Frameworks/ImageIO.framework/Versions/A/Resources/libRadiance.dylib
0x000000024df2c000 	/System/Library/PrivateFrameworks/GPUCompiler.framework/Versions/32023/Libraries/libllvm-flatbuffers.dylib
0x0000000249328000 	/System/Library/PrivateFrameworks/FramePacing.framework/Versions/A/FramePacing
0x00000001f53b8000 	/System/Library/Frameworks/OpenGL.framework/Versions/A/Libraries/libCoreFSCache.dylib
0x0000000249e9d000 	/System/Library/PrivateFrameworks/GPUCompiler.framework/Versions/32023/Libraries/libGPUCompilerUtils.dylib
0x000000024925e000 	/System/Library/PrivateFrameworks/FontServices.framework/libXTFontStaticRegistryData.dylib
0x00000001b0436000 	/System/Library/PrivateFrameworks/ASEProcessing.framework/Versions/A/ASEProcessing
0x0000000261363000 	/System/Library/PrivateFrameworks/PhotosensitivityProcessing.framework/Versions/A/PhotosensitivityProcessing
0x00000001a4d23000 	/System/Library/PrivateFrameworks/GraphVisualizer.framework/Versions/A/GraphVisualizer
0x00000001f5416000 	/System/Library/Frameworks/OpenGL.framework/Versions/A/Libraries/libGLU.dylib
0x00000001f53da000 	/System/Library/Frameworks/OpenGL.framework/Versions/A/Libraries/libGFXShared.dylib
0x00000001f55a2000 	/System/Library/Frameworks/OpenGL.framework/Versions/A/Libraries/libGL.dylib
0x00000001f53e3000 	/System/Library/Frameworks/OpenGL.framework/Versions/A/Libraries/libGLImage.dylib
0x00000001f53d7000 	/System/Library/Frameworks/OpenGL.framework/Versions/A/Libraries/libCVMSPluginSupport.dylib
0x00000001f53c0000 	/System/Library/Frameworks/OpenGL.framework/Versions/A/Libraries/libCoreVMClient.dylib
0x00000001a144f000 	/System/Library/Frameworks/MetalPerformanceShaders.framework/Versions/A/Frameworks/MPSCore.framework/Versions/A/MPSCore
0x00000001a2b77000 	/System/Library/Frameworks/MetalPerformanceShaders.framework/Versions/A/Frameworks/MPSImage.framework/Versions/A/MPSImage
0x00000001a25c0000 	/System/Library/Frameworks/MetalPerformanceShaders.framework/Versions/A/Frameworks/MPSNeuralNetwork.framework/Versions/A/MPSNeuralNetwork
0x00000001a29f7000 	/System/Library/Frameworks/MetalPerformanceShaders.framework/Versions/A/Frameworks/MPSMatrix.framework/Versions/A/MPSMatrix
0x00000001a280c000 	/System/Library/Frameworks/MetalPerformanceShaders.framework/Versions/A/Frameworks/MPSRayIntersector.framework/Versions/A/MPSRayIntersector
0x00000001a2a29000 	/System/Library/Frameworks/MetalPerformanceShaders.framework/Versions/A/Frameworks/MPSNDArray.framework/Versions/A/MPSNDArray
0x00000001f8cb8000 	/System/Library/Frameworks/MetalPerformanceShaders.framework/Versions/A/Frameworks/MPSFunctions.framework/Versions/A/MPSFunctions
0x00000001f8c9a000 	/System/Library/Frameworks/MetalPerformanceShaders.framework/Versions/A/Frameworks/MPSBenchmarkLoop.framework/Versions/A/MPSBenchmarkLoop
0x0000000195790000 	/System/Library/PrivateFrameworks/MetalTools.framework/Versions/A/MetalTools
0x00000001c2ac0000 	/System/Library/PrivateFrameworks/IOAccelMemoryInfo.framework/Versions/A/IOAccelMemoryInfo
0x00000001d01bc000 	/System/Library/PrivateFrameworks/kperf.framework/Versions/A/kperf
0x00000001bde3e000 	/System/Library/PrivateFrameworks/GPURawCounter.framework/Versions/A/GPURawCounter
0x00000001a57bd000 	/System/Library/Frameworks/ApplicationServices.framework/Versions/A/Frameworks/ATSUI.framework/Versions/A/ATSUI
0x00000001a72c5000 	/usr/lib/libcups.2.dylib
0x00000001a735f000 	/System/Library/Frameworks/Kerberos.framework/Versions/A/Kerberos
0x00000001a6fc5000 	/usr/lib/libresolv.9.dylib
0x00000001a3187000 	/usr/lib/libiconv.2.dylib
0x00000001a4d81000 	/System/Library/PrivateFrameworks/Heimdal.framework/Versions/A/Heimdal
0x00000001af24a000 	/System/Library/Frameworks/Kerberos.framework/Versions/A/Libraries/libHeimdalProxy.dylib
0x00000001a4b66000 	/usr/lib/libheimdal-asn1.dylib
0x000000019e6f1000 	/System/Library/Frameworks/OpenDirectory.framework/Versions/A/OpenDirectory
0x00000001a73c2000 	/System/Library/PrivateFrameworks/CommonAuth.framework/Versions/A/CommonAuth
0x000000019e6ff000 	/System/Library/Frameworks/OpenDirectory.framework/Versions/A/Frameworks/CFOpenDirectory.framework/Versions/A/CFOpenDirectory
0x00000001a30e2000 	/usr/lib/libcharset.1.dylib
0x00000001f593e000 	/System/Library/Frameworks/AVFAudio.framework/Versions/A/AVFAudio
0x00000001b772a000 	/System/Library/PrivateFrameworks/AXCoreUtilities.framework/Versions/A/AXCoreUtilities
0x0000000255ad0000 	/System/Library/PrivateFrameworks/IsolatedCoreAudioClient.framework/Versions/A/IsolatedCoreAudioClient
0x00000001a6f00000 	/usr/lib/libAudioStatistics.dylib
0x00000001a0561000 	/System/Library/PrivateFrameworks/caulk.framework/Versions/A/caulk
0x0000000197615000 	/System/Library/PrivateFrameworks/AudioToolboxCore.framework/Versions/A/AudioToolboxCore
0x00000001b1540000 	/System/Library/Frameworks/CoreMIDI.framework/Versions/A/CoreMIDI
0x00000001a6ea2000 	/System/Library/PrivateFrameworks/AudioSession.framework/Versions/A/AudioSession
0x00000001a87db000 	/System/Library/Frameworks/IOBluetooth.framework/Versions/A/IOBluetooth
0x00000001a4c50000 	/System/Library/PrivateFrameworks/MediaExperience.framework/Versions/A/MediaExperience
0x000000026fbdf000 	/System/Library/PrivateFrameworks/Tightbeam.framework/Versions/A/Tightbeam
0x0000000243ac3000 	/System/Library/PrivateFrameworks/CoreAudioOrchestration.framework/Versions/A/CoreAudioOrchestration
0x00000001d4af4000 	/System/Library/PrivateFrameworks/AFKUser.framework/Versions/A/AFKUser
0x00000001bde42000 	/usr/lib/swift/libswiftCoreAudio.dylib
0x00000001a4d70000 	/System/Library/PrivateFrameworks/AppServerSupport.framework/Versions/A/AppServerSupport
0x00000001a7343000 	/System/Library/PrivateFrameworks/perfdata.framework/Versions/A/perfdata
0x00000001bcff6000 	/System/Library/PrivateFrameworks/SystemPolicy.framework/Versions/A/SystemPolicy
0x00000001a71e4000 	/usr/lib/libSMC.dylib
0x00000001a56a0000 	/usr/lib/libAudioToolboxUtility.dylib
0x00000001a7351000 	/usr/lib/libperfcheck.dylib
0x000000023f90b000 	/System/Library/PrivateFrameworks/AudioAnalytics.framework/Versions/A/AudioAnalytics
0x00000001e1605000 	/System/Library/Frameworks/OSLog.framework/Versions/A/OSLog
0x00000001bde09000 	/usr/lib/libmis.dylib
0x00000001a6cb0000 	/System/Library/PrivateFrameworks/AudioSession.framework/libSessionUtility.dylib
0x00000001a57f1000 	/System/Library/PrivateFrameworks/CMCaptureCore.framework/Versions/A/CMCaptureCore
0x00000001f6fe7000 	/System/Library/Frameworks/ExtensionFoundation.framework/Versions/A/ExtensionFoundation
0x00000001acf14000 	/System/Library/PrivateFrameworks/CoreTime.framework/Versions/A/CoreTime
0x00000001a4a4a000 	/System/Library/PrivateFrameworks/PlugInKit.framework/Versions/A/PlugInKit
0x00000001aba3b000 	/System/Library/Frameworks/CoreBluetooth.framework/Versions/A/CoreBluetooth
0x00000001af24b000 	/System/Library/Frameworks/AudioUnit.framework/Versions/A/AudioUnit
0x00000001a229b000 	/System/Library/PrivateFrameworks/CoreUtils.framework/Versions/A/CoreUtils
0x0000000246a76000 	/System/Library/PrivateFrameworks/CoreUtilsExtras.framework/Versions/A/CoreUtilsExtras
0x00000001aae74000 	/System/Library/Frameworks/MediaAccessibility.framework/Versions/A/MediaAccessibility
0x00000001c6460000 	/System/Library/PrivateFrameworks/AttributeGraph.framework/Versions/A/AttributeGraph
0x000000027c2cd000 	/usr/lib/libAXSafeCategoryBundle.dylib
0x00000001b77e6000 	/usr/lib/libAccessibility.dylib
0x00000001a20e5000 	/System/Library/Frameworks/Accelerate.framework/Versions/A/Frameworks/vecLib.framework/Versions/A/libvDSP.dylib
0x00000001a344f000 	/System/Library/Frameworks/Accelerate.framework/Versions/A/Frameworks/vecLib.framework/Versions/A/libLAPACK.dylib
0x00000001a25ab000 	/System/Library/Frameworks/Accelerate.framework/Versions/A/Frameworks/vecLib.framework/Versions/A/libLinearAlgebra.dylib
0x00000001a334a000 	/System/Library/Frameworks/Accelerate.framework/Versions/A/Frameworks/vecLib.framework/Versions/A/libSparseBLAS.dylib
0x00000001a344a000 	/System/Library/Frameworks/Accelerate.framework/Versions/A/Frameworks/vecLib.framework/Versions/A/libQuadrature.dylib
0x00000001a1638000 	/System/Library/Frameworks/Accelerate.framework/Versions/A/Frameworks/vecLib.framework/Versions/A/libBNNS.dylib
0x00000001960b6000 	/System/Library/Frameworks/Accelerate.framework/Versions/A/Frameworks/vecLib.framework/Versions/A/libSparse.dylib
0x0000000257247000 	/System/Library/PrivateFrameworks/MIL.framework/Versions/A/MIL
0x00000001a5784000 	/System/Library/PrivateFrameworks/GPUWrangler.framework/Versions/A/GPUWrangler
0x00000001a5764000 	/System/Library/PrivateFrameworks/IOPresentment.framework/Versions/A/IOPresentment
0x00000001a578c000 	/System/Library/PrivateFrameworks/DSExternalDisplay.framework/Versions/A/DSExternalDisplay
0x00000001e1a0c000 	/System/Library/PrivateFrameworks/HIDDisplay.framework/Versions/A/HIDDisplay
0x00000001b6a04000 	/System/Library/PrivateFrameworks/HID.framework/Versions/A/HID
0x0000000273421000 	/System/Library/PrivateFrameworks/VideoToolboxParavirtualizationSupport.framework/Versions/A/VideoToolboxParavirtualizationSupport
0x00000001a4b02000 	/System/Library/PrivateFrameworks/AppleVA.framework/Versions/A/AppleVA
0x00000001aca83000 	/System/Library/PrivateFrameworks/GraphicsServices.framework/Versions/A/GraphicsServices
0x00000001a7535000 	/System/Library/PrivateFrameworks/CorePhoneNumbers.framework/Versions/A/CorePhoneNumbers
0x00000001abc23000 	/System/Library/PrivateFrameworks/MediaKit.framework/Versions/A/MediaKit
0x00000001abb6e000 	/System/Library/Frameworks/DiscRecording.framework/Versions/A/DiscRecording
0x00000001a7324000 	/System/Library/PrivateFrameworks/NetAuth.framework/Versions/A/NetAuth
0x000000019e8ef000 	/System/Library/PrivateFrameworks/login.framework/Versions/A/Frameworks/loginsupport.framework/Versions/A/loginsupport
0x00000001a4b70000 	/System/Library/PrivateFrameworks/IconFoundation.framework/Versions/A/IconFoundation
0x00000001a48ed000 	/usr/lib/libIOReport.dylib
0x000000023f51b000 	/System/Library/PrivateFrameworks/AppleMobileFileIntegrity.framework/Versions/A/AppleMobileFileIntegrity
0x000000027c68f000 	/usr/lib/libTLE.dylib
0x00000001f2414000 	/System/Library/PrivateFrameworks/ConfigProfileHelper.framework/Versions/A/ConfigProfileHelper
0x00000001a2548000 	/usr/lib/libmecab.dylib
0x0000000196246000 	/usr/lib/libCRFSuite.dylib
0x00000001a1514000 	/System/Library/PrivateFrameworks/CoreNLP.framework/Versions/A/CoreNLP
0x00000001a3302000 	/usr/lib/libThaiTokenizer.dylib
0x00000001a2512000 	/usr/lib/libCheckFix.dylib
0x000000019db32000 	/System/Library/PrivateFrameworks/MetadataUtilities.framework/Versions/A/MetadataUtilities
0x0000000252a7c000 	/System/Library/PrivateFrameworks/InstalledContentLibrary.framework/Versions/A/InstalledContentLibrary
0x0000000198d32000 	/System/Library/PrivateFrameworks/CoreServicesStore.framework/Versions/A/CoreServicesStore
0x00000001d02c6000 	/System/Library/PrivateFrameworks/MobileSystemServices.framework/Versions/A/MobileSystemServices
0x00000001a47ae000 	/usr/lib/libxslt.1.dylib
0x00000001a24d5000 	/System/Library/PrivateFrameworks/BackgroundTaskManagement.framework/Versions/A/BackgroundTaskManagement
0x00000001ae9aa000 	/usr/lib/libcurl.4.dylib
0x000000027c8c3000 	/usr/lib/libcrypto.46.dylib
0x000000027d3ed000 	/usr/lib/libssl.48.dylib
0x00000001ae682000 	/System/Library/Frameworks/LDAP.framework/Versions/A/LDAP
0x00000001ae6be000 	/System/Library/PrivateFrameworks/TrustEvaluationAgent.framework/Versions/A/TrustEvaluationAgent
0x00000001a6fe2000 	/usr/lib/libsasl2.2.dylib
0x00000001bb1cb000 	/usr/lib/swift/libswiftCoreGraphics.dylib
0x00000001ab4a3000 	/usr/lib/swift/libswiftFoundation.dylib
0x00000001f1e9e000 	/usr/lib/swift/libswiftSwiftOnoneSupport.dylib
0x00000001ddcb8000 	/System/Library/PrivateFrameworks/CoreMaterial.framework/Versions/A/CoreMaterial
0x0000000263c86000 	/System/Library/PrivateFrameworks/SFSymbols.framework/Versions/A/SFSymbols
0x00000001aa76e000 	/System/Library/PrivateFrameworks/SpeechRecognitionCore.framework/Versions/A/SpeechRecognitionCore
0x0000000103efc000 	/Applications/Eclipse_2024-12.app/Contents/java/21/lib/server/libjvm.dylib
0x0000000102c18000 	/Applications/Eclipse_2024-12.app/Contents/java/21/lib/libjimage.dylib
0x0000000102c78000 	/Applications/Eclipse_2024-12.app/Contents/java/21/lib/libjdwp.dylib
0x0000000102cc4000 	/Applications/Eclipse_2024-12.app/Contents/java/21/lib/libjava.dylib
0x0000000102c44000 	/Applications/Eclipse_2024-12.app/Contents/java/21/lib/libinstrument.dylib
0x000000027c2bf000 	/usr/lib/i18n/libiconv_std.dylib
0x000000027c2b5000 	/usr/lib/i18n/libUTF8.dylib
0x000000027c2c3000 	/usr/lib/i18n/libmapper_646.dylib
0x0000000102d34000 	/Applications/Eclipse_2024-12.app/Contents/java/21/lib/libdt_socket.dylib
0x0000000103ea0000 	/Applications/Eclipse_2024-12.app/Contents/java/21/lib/libzip.dylib
0x0000000103ec8000 	/Applications/Eclipse_2024-12.app/Contents/java/21/lib/libnio.dylib
0x00000001166b0000 	/Applications/Eclipse_2024-12.app/Contents/java/21/lib/libnet.dylib
0x0000000103e78000 	/Applications/Eclipse_2024-12.app/Contents/java/21/lib/libmanagement.dylib
0x0000000103e8c000 	/Applications/Eclipse_2024-12.app/Contents/java/21/lib/libmanagement_ext.dylib
0x0000000103ee8000 	/Applications/Eclipse_2024-12.app/Contents/java/21/lib/libextnet.dylib
0x00000001166e8000 	/Applications/Eclipse_2024-12.app/Contents/java/21/lib/libverify.dylib


VM Arguments:
jvm_args: -XX:+ShowCodeDetailsInExceptionMessages -agentlib:jdwp=transport=dt_socket,suspend=y,address=localhost:58959 -Dcom.sun.management.jmxremote -Dcom.sun.management.jmxremote.port=58958 -Dcom.sun.management.jmxremote.authenticate=false -Dcom.sun.management.jmxremote.ssl=false -Djava.rmi.server.hostname=localhost -Dspring.jmx.enabled=true -Dmanagement.endpoints.jmx.exposure.include=* -Dspring.application.admin.enabled=true -Djava.security.egd=file:/dev/./urandom -XX:TieredStopAtLevel=1 -Dspring.boot.project.name=NumJudgApp -javaagent:/Applications/Eclipse_2024-12.app/Contents/Eclipse/configuration/org.eclipse.osgi/248/0/.cp/lib/javaagent-shaded.jar -Dfile.encoding=UTF-8 -Dstdout.encoding=UTF-8 -Dstderr.encoding=UTF-8 
java_command: com.example.DemoApplication --spring.output.ansi.enabled=always
java_class_path (initial): /Users/koto/git/NumJudgApp/NumJudgApp/target/classes:/Users/koto/.m2/repository/org/webjars/jquery/3.5.1/jquery-3.5.1.jar:/Users/koto/.m2/repository/org/webjars/bootstrap/4.5.3/bootstrap-4.5.3.jar:/Users/koto/.m2/repository/org/webjars/popper.js/1.16.0/popper.js-1.16.0.jar:/Users/koto/.m2/repository/org/webjars/webjars-locator/0.40/webjars-locator-0.40.jar:/Users/koto/.m2/repository/org/webjars/webjars-locator-core/0.59/webjars-locator-core-0.59.jar:/Users/koto/.m2/repository/org/slf4j/slf4j-api/2.0.17/slf4j-api-2.0.17.jar:/Users/koto/.m2/repository/io/github/classgraph/classgraph/4.8.173/classgraph-4.8.173.jar:/Users/koto/.m2/repository/com/fasterxml/jackson/core/jackson-core/2.20.1/jackson-core-2.20.1.jar:/Users/koto/.m2/repository/com/fasterxml/jackson/core/jackson-databind/2.20.1/jackson-databind-2.20.1.jar:/Users/koto/.m2/repository/com/fasterxml/jackson/core/jackson-annotations/2.20/jackson-annotations-2.20.jar:/Users/koto/.m2/repository/org/apache/commons/commons-lang3/3.19.0/commons-lang3-3.19.0.jar:/Users/koto/.m2/repository/org/mybatis/spring/boot/mybatis-spring-boot-starter/4.0.1/mybatis-spring-boot-starter-4.0.1.jar:/Users/koto/.m2/repository/org/springframework/boot/spring-boot-starter/4.0.1/spring-boot-starter-4.0.1.jar:/Users/koto/.m2/repository/org/springframework/boot/spring-boot-starter-logging/4.0.1/spring-boot-starter-logging-4.0.1.jar:/Users/koto/.m2/repository/ch/qos/logback/logback-classic/1.5.22/logback-classic-1.5.22.jar:/Users/koto/.m2/repository/ch/qos/logback/logback-core/1.5.22/logback-core-1.5.22.jar:/Users/koto/.m2/repository/org/apache/logging/log4j/log4j-to-slf4j/2.25.3/log4j-to-slf4j-2.25.3.jar:/Users/koto/.m2/repository/org/apache/logging/log4j/log4j-api/2.25.3/log4j-api-2.25.3.jar:/Users/koto/.m2/repository/org/slf4j/jul-to-slf4j/2.0.17/jul-to-slf4j-2.0.17.jar:/Users/koto/.m2/repository/jakarta/annotation/jakarta.annotation-api/3.0.0/jakarta.annotation-api-3.0.0.jar:/Users/koto/.m2/repository/org/yaml/snakeyaml/2.5/snakeyaml-2.5.jar:/Users/koto/.m2/repository/org/mybatis/spring/boot/mybatis-spring-boot-autoconfigure/4.0.1/mybatis-spring-boot-autoconfigure-4.0.1.jar:/Users/koto/.m2/repository/org/mybatis/mybatis/3.5.19/mybatis-3.5.19.jar:/Users/koto/.m2/repository/org/mybatis/mybatis-spring/4.0.0/mybatis-spring-4.0.0.jar:/Users/koto/.m2/repository/org/modelmapper/extensions/modelmapper-spring/2.3.9/modelmapper-spring-2.3.9.jar:/Users/koto/.m2/repository/org/modelmapper/modelmapper/2.3.9/modelmapper-2.3.9.jar:/Users/koto/.m2/repository/org/springframework/boot/spring-boot-h2console/4.0.1/spring-boot-h2console-4.0.1.jar:/Users/koto/.m2/repository/org/springframework/boot/spring-boot/4.0.1/spring-boot-4.0.1.jar:/Users/koto/.m2/repository/org/springframework/spring-core/7.0.2/spring-core-7.0.2.jar:/Users/koto/.m2/repository/commons-logging/commons-logging/1.3.5/commons-logging-1.3.5.jar:/Users/koto/.m2/repository/org/jspecify/jspecify/1.0.0/jspecify-1.0.0.jar:/Users/koto/.m2/repository/org/springframework/spring-context/7.0.2/spring-context-7.0.2.jar:/Users/koto/.m2/repository/org/springframework/spring-aop/7.0.2/spring-aop-7.0.2.jar:/Users/koto/.m2/repository/org/springframework/spring-beans/7.0.2/spring-beans-7.0.2.jar:/Users/koto/.m2/repository/org/springframework/spring-expression/7.0.2/spring-expression-7.0.2.jar:/Users/koto/.m2/repository/io/micrometer/micrometer-observation/1.16.1/micrometer-observation-1.16.1.jar:/Users/koto/.m2/repository/io/micrometer/micrometer-commons/1.16.1/micrometer-commons-1.16.1.jar:/Users/koto/.m2/repository/jakarta/servlet/jakarta.servlet-api/6.1.0/jakarta.servlet-api-6.1.0.jar:/Users/koto/.m2/repository/org/springframework/boot/spring-boot-starter-data-jdbc/4.0.1/spring-boot-starter-data-jdbc-4.0.1.jar:/Users/koto/.m2/repository/org/springframework/boot/spring-boot-data-jdbc/4.0.1/spring-boot-data-jdbc-4.0.1.jar:/Users/koto/.m2/repository/org/springframework/boot/spring-boot-data-commons/4.0.1/spring-boot-data-commons-4.0.1.jar:/Users/koto/.m2/repository/org/springframework/boot/spring-boot-persistence/4.0.1/spring-boot-persistence-4.0.1.jar:/Users/koto/.m2/repository/org/springframework/data/spring-data-commons/4.0.1/spring-data-commons-4.0.1.jar:/Users/koto/.m2/repository/org/springframework/data/spring-data-jdbc/4.0.1/spring-data-jdbc-4.0.1.jar:/Users/koto/.m2/repository/org/springframework/data/spring-data-relational/4.0.1/spring-data-relational-4.0.1.jar:/Users/koto/.m2/repository/org/springframework/spring-tx/7.0.2/spring-tx-7.0.2.jar:/Users/koto/.m2/repository/org/springframework/boot/spring-boot-jdbc/4.0.1/spring-boot-jdbc-4.0.1.jar:/Users/koto/.m2/repository/org/springframework/boot/spring-boot-sql/4.0.1/spring-boot-sql-4.0.1.jar:/Users/koto/.m2/repository/org/springframework/boot/spring-boot-transaction/4.0.1/spring-boot-transaction-4.0.1.jar:/Users/koto/.m2/repository/org/springframework/spring-jdbc/7.0.2/spring-jdbc-7.0.2.jar:/Users/koto/.m2/repository/org/springframework/boot/spring-boot-starter-jdbc/4.0.1/spring-boot-starter-jdbc-4.0.1.jar:/Users/koto/.m2/repository/com/zaxxer/HikariCP/7.0.2/HikariCP-7.0.2.jar:/Users/koto/.m2/repository/org/springframework/boot/spring-boot-starter-thymeleaf/4.0.1/spring-boot-starter-thymeleaf-4.0.1.jar:/Users/koto/.m2/repository/org/springframework/boot/spring-boot-thymeleaf/4.0.1/spring-boot-thymeleaf-4.0.1.jar:/Users/koto/.m2/repository/org/thymeleaf/thymeleaf-spring6/3.1.3.RELEASE/thymeleaf-spring6-3.1.3.RELEASE.jar:/Users/koto/.m2/repository/org/thymeleaf/thymeleaf/3.1.3.RELEASE/thymeleaf-3.1.3.RELEASE.jar:/Users/koto/.m2/repository/org/attoparser/attoparser/2.0.7.RELEASE/attoparser-2.0.7.RELEASE.jar:/Users/koto/.m2/repository/org/unbescape/unbescape/1.1.6.RELEASE/unbescape-1.1.6.RELEASE.jar:/Users/koto/.m2/repository/org/springframework/spring-web/7.0.2/spring-web-7.0.2.jar:/Users/koto/.m2/repository/org/springframework/boot/spring-boot-starter-validation/4.0.1/spring-boot-starter-validation-4.0.1.jar:/Users/koto/.m2/repository/org/springframework/boot/spring-boot-validation/4.0.1/spring-boot-validation-4.0.1.jar:/Users/koto/.m2/repository/org/apache/tomcat/embed/tomcat-embed-el/11.0.15/tomcat-embed-el-11.0.15.jar:/Users/koto/.m2/repository/org/hibernate/validator/hibernate-validator/9.0.1.Final/hibernate-validator-9.0.1.Final.jar:/Users/koto/.m2/repository/jakarta/validation/jakarta.validation-api/3.1.1/jakarta.validation-api-3.1.1.jar:/Users/koto/.m2/repository/org/jboss/logging/jboss-logging/3.6.1.Final/jboss-logging-3.6.1.Final.jar:/Users/koto/.m2/repository/com/fasterxml/classmate/1.7.1/classmate-1.7.1.jar:/Users/koto/.m2/repository/org/springframework/boot/spring-boot-starter-webmvc/4.0.1/spring-boot-starter-webmvc-4.0.1.jar:/Users/koto/.m2/repository/org/springframework/boot/spring-boot-starter-jackson/4.0.1/spring-boot-starter-jackson-4.0.1.jar:/Users/koto/.m2/repository/org/springframework/boot/spring-boot-jackson/4.0.1/spring-boot-jackson-4.0.1.jar:/Users/koto/.m2/repository/tools/jackson/core/jackson-databind/3.0.3/jackson-databind-3.0.3.jar:/Users/koto/.m2/repository/tools/jackson/core/jackson-core/3.0.3/jackson-core-3.0.3.jar:/Users/koto/.m2/repository/org/springframework/boot/spring-boot-starter-tomcat/4.0.1/spring-boot-starter-tomcat-4.0.1.jar:/Users/koto/.m2/repository/org/springframework/boot/spring-boot-starter-tomcat-runtime/4.0.1/spring-boot-starter-tomcat-runtime-4.0.1.jar:/Users/koto/.m2/repository/org/apache/tomcat/embed/tomcat-embed-core/11.0.15/tomcat-embed-core-11.0.15.jar:/Users/koto/.m2/repository/org/apache/tomcat/embed/tomcat-embed-websocket/11.0.15/tomcat-embed-websocket-11.0.15.jar:/Users/koto/.m2/repository/org/springframework/boot/spring-boot-tomcat/4.0.1/spring-boot-tomcat-4.0.1.jar:/Users/koto/.m2/repository/org/springframework/boot/spring-boot-http-converter/4.0.1/spring-boot-http-converter-4.0.1.jar:/Users/koto/.m2/repository/org/springframework/boot/spring-boot-webmvc/4.0.1/spring-boot-webmvc-4.0.1.jar:/Users/koto/.m2/repository/org/springframework/boot/spring-boot-servlet/4.0.1/spring-boot-servlet-4.0.1.jar:/Users/koto/.m2/repository/org/springframework/spring-webmvc/7.0.2/spring-webmvc-7.0.2.jar:/Users/koto/.m2/repository/org/springframework/boot/spring-boot-devtools/4.0.1/spring-boot-devtools-4.0.1.jar:/Users/koto/.m2/repository/org/springframework/boot/spring-boot-autoconfigure/4.0.1/spring-boot-autoconfigure-4.0.1.jar:/Users/koto/.m2/repository/com/h2database/h2/2.4.240/h2-2.4.240.jar:/Users/koto/.m2/repository/org/projectlombok/lombok/1.18.42/lombok-1.18.42.jar:/Users/koto/.m2/repository/org/springframework/boot/spring-boot-web-server/4.0.1/spring-boot-web-server-4.0.1.jar
Launcher Type: SUN_STANDARD

[Global flags]
     intx CICompilerCount                          = 4                                         {product} {ergonomic}
     uint ConcGCThreads                            = 2                                         {product} {ergonomic}
     uint G1ConcRefinementThreads                  = 8                                         {product} {ergonomic}
   size_t G1HeapRegionSize                         = 2097152                                   {product} {ergonomic}
    uintx GCDrainStackTargetSize                   = 64                                        {product} {ergonomic}
   size_t InitialHeapSize                          = 268435456                                 {product} {ergonomic}
     bool ManagementServer                         = true                                      {product} {command line}
   size_t MarkStackSize                            = 4194304                                   {product} {ergonomic}
   size_t MaxHeapSize                              = 4294967296                                {product} {ergonomic}
   size_t MaxNewSize                               = 2575302656                                {product} {ergonomic}
   size_t MinHeapDeltaBytes                        = 2097152                                   {product} {ergonomic}
   size_t MinHeapSize                              = 8388608                                   {product} {ergonomic}
    uintx NonNMethodCodeHeapSize                   = 16384                                  {pd product} {ergonomic}
    uintx NonProfiledCodeHeapSize                  = 0                                      {pd product} {ergonomic}
     bool ProfileInterpreter                       = false                                  {pd product} {command line}
    uintx ProfiledCodeHeapSize                     = 0                                      {pd product} {ergonomic}
     bool ShowCodeDetailsInExceptionMessages       = true                                   {manageable} {command line}
   size_t SoftMaxHeapSize                          = 4294967296                             {manageable} {ergonomic}
     intx TieredStopAtLevel                        = 1                                         {product} {command line}
     bool UseCompressedOops                        = true                           {product lp64_product} {ergonomic}
     bool UseG1GC                                  = true                                      {product} {ergonomic}
     bool UseNUMA                                  = false                                     {product} {ergonomic}
     bool UseNUMAInterleaving                      = false                                     {product} {ergonomic}

Logging:
Log output configuration:
 #0: stdout all=warning uptime,level,tags foldmultilines=false
 #1: stderr all=off uptime,level,tags foldmultilines=false

Environment Variables:
PATH=/usr/bin:/bin:/usr/sbin:/sbin
SHELL=/bin/zsh
TMPDIR=/var/folders/w3/h4snxjvs2y74cql38fl40ry80000gn/T/

Active Locale:
LC_ALL=C
LC_COLLATE=C
LC_CTYPE=C
LC_MESSAGES=C
LC_MONETARY=C
LC_NUMERIC=C
LC_TIME=C

Signal Handlers:
   SIGSEGV: crash_handler in libjvm.dylib, mask=11100110000111110111111111111111, flags=SA_ONSTACK|SA_RESTART|SA_SIGINFO, unblocked
    SIGBUS: crash_handler in libjvm.dylib, mask=11100110000111110111111111111111, flags=SA_RESTART|SA_SIGINFO, unblocked
    SIGFPE: crash_handler in libjvm.dylib, mask=11100110000111110111111111111111, flags=SA_RESTART|SA_SIGINFO, unblocked
   SIGPIPE: javaSignalHandler in libjvm.dylib, mask=11100110000111110111111111111111, flags=SA_RESTART|SA_SIGINFO, blocked
   SIGXFSZ: javaSignalHandler in libjvm.dylib, mask=11100110000111110111111111111111, flags=SA_RESTART|SA_SIGINFO, blocked
    SIGILL: crash_handler in libjvm.dylib, mask=11100110000111110111111111111111, flags=SA_RESTART|SA_SIGINFO, unblocked
   SIGUSR2: SR_handler in libjvm.dylib, mask=00000000000000000000000000000000, flags=SA_RESTART|SA_SIGINFO, blocked
    SIGHUP: UserHandler in libjvm.dylib, mask=11100110000111110111111111111111, flags=SA_RESTART|SA_SIGINFO, blocked
    SIGINT: UserHandler in libjvm.dylib, mask=11100110000111110111111111111111, flags=SA_RESTART|SA_SIGINFO, blocked
   SIGTERM: UserHandler in libjvm.dylib, mask=11100110000111110111111111111111, flags=SA_RESTART|SA_SIGINFO, blocked
   SIGQUIT: UserHandler in libjvm.dylib, mask=11100110000111110111111111111111, flags=SA_RESTART|SA_SIGINFO, blocked
   SIGTRAP: crash_handler in libjvm.dylib, mask=11100110000111110111111111111111, flags=SA_RESTART|SA_SIGINFO, unblocked


Periodic native trim disabled

---------------  S Y S T E M  ---------------

OS:
uname: Darwin 24.6.0 Darwin Kernel Version 24.6.0: Mon Jul 14 11:29:54 PDT 2025; root:xnu-11417.140.69~1/RELEASE_ARM64_T8122 arm64
OS uptime: 16 days 3:00 hours
rlimit (soft/hard): STACK 8176k/65520k , CORE 0k/infinity , NPROC 2666/4000 , NOFILE 2147483647/infinity , AS infinity/infinity , CPU infinity/infinity , DATA infinity/infinity , FSIZE infinity/infinity , MEMLOCK infinity/infinity , RSS infinity/infinity
load average: 1.52 3.35 3.28

CPU: total 8 (initial active 8) 0x61:0x0:0xfa33415e:0, fp, asimd, aes, pmull, sha1, sha256, crc32, lse, sha3, sha512
machdep.cpu.brand_string:Apple M3
hw.cachelinesize:128
hw.l1icachesize:131072
hw.l1dcachesize:65536
hw.l2cachesize:4194304

Memory: 16k page, physical 16777216k(146960k free), swap 2097152k(1030336k free)

vm_info: OpenJDK 64-Bit Server VM (21.0.5+11-LTS) for bsd-aarch64 JRE (21.0.5+11-LTS), built on 2024-10-15T00:00:00Z by "admin" with clang Apple LLVM 15.0.0 (clang-1500.1.0.2.5)

END.
